This is XeTeX, Version 3.141592653-2.6-0.999994 (TeX Live 2022) (preloaded format=xelatex 2022.12.28)  9 MAY 2026 14:01
entering extended mode
 restricted \write18 enabled.
 %&-line parsing enabled.
**final.tex
(./final.tex
LaTeX2e <2021-11-15> patch level 1
L3 programming layer <2022-02-24>
(/usr/local/texlive/2022/texmf-dist/tex/latex/base/article.cls
Document Class: article 2021/10/04 v1.4n Standard LaTeX document class
(/usr/local/texlive/2022/texmf-dist/tex/latex/base/size10.clo
File: size10.clo 2021/10/04 v1.4n Standard LaTeX file (size option)
)
\c@part=\count181
\c@section=\count182
\c@subsection=\count183
\c@subsubsection=\count184
\c@paragraph=\count185
\c@subparagraph=\count186
\c@figure=\count187
\c@table=\count188
\abovecaptionskip=\skip47
\belowcaptionskip=\skip48
\bibindent=\dimen138
)
(/usr/local/texlive/2022/texmf-dist/tex/latex/fontspec/fontspec.sty
(/usr/local/texlive/2022/texmf-dist/tex/latex/l3packages/xparse/xparse.sty
(/usr/local/texlive/2022/texmf-dist/tex/latex/l3kernel/expl3.sty
Package: expl3 2022-02-24 L3 programming layer (loader) 

(/usr/local/texlive/2022/texmf-dist/tex/latex/l3backend/l3backend-xetex.def
File: l3backend-xetex.def 2022-02-07 L3 backend support: XeTeX

(|extractbb --version)
\c__kernel_sys_dvipdfmx_version_int=\count189
\l__color_backend_stack_int=\count190
\g__color_backend_stack_int=\count191
\g__graphics_track_int=\count192
\l__pdf_internal_box=\box50
\g__pdf_backend_object_int=\count193
\g__pdf_backend_annotation_int=\count194
\g__pdf_backend_link_int=\count195
))
Package: xparse 2022-01-12 L3 Experimental document command parser
)
Package: fontspec 2022/01/15 v2.8a Font selection for XeLaTeX and LuaLaTeX

(/usr/local/texlive/2022/texmf-dist/tex/latex/fontspec/fontspec-xetex.sty
Package: fontspec-xetex 2022/01/15 v2.8a Font selection for XeLaTeX and LuaLaTe
X
\l__fontspec_script_int=\count196
\l__fontspec_language_int=\count197
\l__fontspec_strnum_int=\count198
\l__fontspec_tmp_int=\count199
\l__fontspec_tmpa_int=\count266
\l__fontspec_tmpb_int=\count267
\l__fontspec_tmpc_int=\count268
\l__fontspec_em_int=\count269
\l__fontspec_emdef_int=\count270
\l__fontspec_strong_int=\count271
\l__fontspec_strongdef_int=\count272
\l__fontspec_tmpa_dim=\dimen139
\l__fontspec_tmpb_dim=\dimen140
\l__fontspec_tmpc_dim=\dimen141

(/usr/local/texlive/2022/texmf-dist/tex/latex/base/fontenc.sty
Package: fontenc 2021/04/29 v2.0v Standard LaTeX package
)
(/usr/local/texlive/2022/texmf-dist/tex/latex/fontspec/fontspec.cfg)))

Package fontspec Info: Font family 'TeXGyrePagella(0)' created for font 'TeX
(fontspec)             Gyre Pagella' with options
(fontspec)             [Ligatures=TeX,Ligatures=TeX,Path =
(fontspec)             /usr/local/texlive/2022/texmf-dist/fonts/opentype/public
/tex-gyre/,Extension
(fontspec)             = .otf,UprightFont = texgyrepagella-regular,BoldFont =
(fontspec)             texgyrepagella-bold,ItalicFont =
(fontspec)             texgyrepagella-italic,BoldItalicFont =
(fontspec)             texgyrepagella-bolditalic].
(fontspec)              
(fontspec)              This font family consists of the following NFSS
(fontspec)             series/shapes:
(fontspec)              
(fontspec)             - 'normal' (m/n) with NFSS spec.:
(fontspec)             <->"[/usr/local/texlive/2022/texmf-dist/fonts/opentype/p
ublic/tex-gyre/texgyrepagella-regular.otf]/OT:script=latn;language=dflt;mapping
=tex-text;"
(fontspec)             - 'small caps'  (m/sc) with NFSS spec.:
(fontspec)             <->"[/usr/local/texlive/2022/texmf-dist/fonts/opentype/p
ublic/tex-gyre/texgyrepagella-regular.otf]/OT:script=latn;language=dflt;+smcp;m
apping=tex-text;"
(fontspec)             - 'bold' (b/n) with NFSS spec.:
(fontspec)             <->"[/usr/local/texlive/2022/texmf-dist/fonts/opentype/p
ublic/tex-gyre/texgyrepagella-bold.otf]/OT:script=latn;language=dflt;mapping=te
x-text;"
(fontspec)             - 'bold small caps'  (b/sc) with NFSS spec.:
(fontspec)             <->"[/usr/local/texlive/2022/texmf-dist/fonts/opentype/p
ublic/tex-gyre/texgyrepagella-bold.otf]/OT:script=latn;language=dflt;+smcp;mapp
ing=tex-text;"
(fontspec)             - 'italic' (m/it) with NFSS spec.:
(fontspec)             <->"[/usr/local/texlive/2022/texmf-dist/fonts/opentype/p
ublic/tex-gyre/texgyrepagella-italic.otf]/OT:script=latn;language=dflt;mapping=
tex-text;"
(fontspec)             - 'italic small caps'  (m/scit) with NFSS spec.:
(fontspec)             <->"[/usr/local/texlive/2022/texmf-dist/fonts/opentype/p
ublic/tex-gyre/texgyrepagella-italic.otf]/OT:script=latn;language=dflt;+smcp;ma
pping=tex-text;"
(fontspec)             - 'bold italic' (b/it) with NFSS spec.:
(fontspec)             <->"[/usr/local/texlive/2022/texmf-dist/fonts/opentype/p
ublic/tex-gyre/texgyrepagella-bolditalic.otf]/OT:script=latn;language=dflt;mapp
ing=tex-text;"
(fontspec)             - 'bold italic small caps'  (b/scit) with NFSS spec.:
(fontspec)             <->"[/usr/local/texlive/2022/texmf-dist/fonts/opentype/p
ublic/tex-gyre/texgyrepagella-bolditalic.otf]/OT:script=latn;language=dflt;+smc
p;mapping=tex-text;"


Package fontspec Info: Font family 'TeXGyreHeros(0)' created for font 'TeX
(fontspec)             Gyre Heros' with options
(fontspec)             [Ligatures=TeX,Ligatures=TeX,Path =
(fontspec)             /usr/local/texlive/2022/texmf-dist/fonts/opentype/public
/tex-gyre/,Extension
(fontspec)             = .otf,Scale = 0.94,UprightFont =
(fontspec)             texgyreheros-regular,BoldFont =
(fontspec)             texgyreheros-bold,ItalicFont =
(fontspec)             texgyreheros-italic,BoldItalicFont =
(fontspec)             texgyreheros-bolditalic].
(fontspec)              
(fontspec)              This font family consists of the following NFSS
(fontspec)             series/shapes:
(fontspec)              
(fontspec)             - 'normal' (m/n) with NFSS spec.:
(fontspec)             <->s*[0.94]"[/usr/local/texlive/2022/texmf-dist/fonts/op
entype/public/tex-gyre/texgyreheros-regular.otf]/OT:script=latn;language=dflt;m
apping=tex-text;"
(fontspec)             - 'small caps'  (m/sc) with NFSS spec.:
(fontspec)             <->s*[0.94]"[/usr/local/texlive/2022/texmf-dist/fonts/op
entype/public/tex-gyre/texgyreheros-regular.otf]/OT:script=latn;language=dflt;+
smcp;mapping=tex-text;"
(fontspec)             - 'bold' (b/n) with NFSS spec.:
(fontspec)             <->s*[0.94]"[/usr/local/texlive/2022/texmf-dist/fonts/op
entype/public/tex-gyre/texgyreheros-bold.otf]/OT:script=latn;language=dflt;mapp
ing=tex-text;"
(fontspec)             - 'bold small caps'  (b/sc) with NFSS spec.:
(fontspec)             <->s*[0.94]"[/usr/local/texlive/2022/texmf-dist/fonts/op
entype/public/tex-gyre/texgyreheros-bold.otf]/OT:script=latn;language=dflt;+smc
p;mapping=tex-text;"
(fontspec)             - 'italic' (m/it) with NFSS spec.:
(fontspec)             <->s*[0.94]"[/usr/local/texlive/2022/texmf-dist/fonts/op
entype/public/tex-gyre/texgyreheros-italic.otf]/OT:script=latn;language=dflt;ma
pping=tex-text;"
(fontspec)             - 'italic small caps'  (m/scit) with NFSS spec.:
(fontspec)             <->s*[0.94]"[/usr/local/texlive/2022/texmf-dist/fonts/op
entype/public/tex-gyre/texgyreheros-italic.otf]/OT:script=latn;language=dflt;+s
mcp;mapping=tex-text;"
(fontspec)             - 'bold italic' (b/it) with NFSS spec.:
(fontspec)             <->s*[0.94]"[/usr/local/texlive/2022/texmf-dist/fonts/op
entype/public/tex-gyre/texgyreheros-bolditalic.otf]/OT:script=latn;language=dfl
t;mapping=tex-text;"
(fontspec)             - 'bold italic small caps'  (b/scit) with NFSS spec.:
(fontspec)             <->s*[0.94]"[/usr/local/texlive/2022/texmf-dist/fonts/op
entype/public/tex-gyre/texgyreheros-bolditalic.otf]/OT:script=latn;language=dfl
t;+smcp;mapping=tex-text;"


Package fontspec Info: Font family 'TeXGyreCursor(0)' created for font 'TeX
(fontspec)             Gyre Cursor' with options
(fontspec)             [Ligatures=TeX,WordSpace={1,0,0},HyphenChar=None,Punctua
tionSpace=WordSpace,Path
(fontspec)             =
(fontspec)             /usr/local/texlive/2022/texmf-dist/fonts/opentype/public
/tex-gyre/,Extension
(fontspec)             = .otf,Scale = 0.86,UprightFont =
(fontspec)             texgyrecursor-regular,BoldFont =
(fontspec)             texgyrecursor-bold,ItalicFont =
(fontspec)             texgyrecursor-italic,BoldItalicFont =
(fontspec)             texgyrecursor-bolditalic].
(fontspec)              
(fontspec)              This font family consists of the following NFSS
(fontspec)             series/shapes:
(fontspec)              
(fontspec)             - 'normal' (m/n) with NFSS spec.:
(fontspec)             <->s*[0.86]"[/usr/local/texlive/2022/texmf-dist/fonts/op
entype/public/tex-gyre/texgyrecursor-regular.otf]/OT:script=latn;language=dflt;
mapping=tex-text;"
(fontspec)             - 'small caps'  (m/sc) with NFSS spec.:
(fontspec)             <->s*[0.86]"[/usr/local/texlive/2022/texmf-dist/fonts/op
entype/public/tex-gyre/texgyrecursor-regular.otf]/OT:script=latn;language=dflt;
+smcp;mapping=tex-text;"
(fontspec)             and font adjustment code:
(fontspec)             \fontdimen 2\font =1\fontdimen 2\font \fontdimen 3\font
(fontspec)             =0\fontdimen 3\font \fontdimen 4\font =0\fontdimen
(fontspec)             4\font \fontdimen 7\font =0\fontdimen 2\font
(fontspec)             \tex_hyphenchar:D \font =-1\scan_stop: 
(fontspec)             - 'bold' (b/n) with NFSS spec.:
(fontspec)             <->s*[0.86]"[/usr/local/texlive/2022/texmf-dist/fonts/op
entype/public/tex-gyre/texgyrecursor-bold.otf]/OT:script=latn;language=dflt;map
ping=tex-text;"
(fontspec)             - 'bold small caps'  (b/sc) with NFSS spec.:
(fontspec)             <->s*[0.86]"[/usr/local/texlive/2022/texmf-dist/fonts/op
entype/public/tex-gyre/texgyrecursor-bold.otf]/OT:script=latn;language=dflt;+sm
cp;mapping=tex-text;"
(fontspec)             and font adjustment code:
(fontspec)             \fontdimen 2\font =1\fontdimen 2\font \fontdimen 3\font
(fontspec)             =0\fontdimen 3\font \fontdimen 4\font =0\fontdimen
(fontspec)             4\font \fontdimen 7\font =0\fontdimen 2\font
(fontspec)             \tex_hyphenchar:D \font =-1\scan_stop: 
(fontspec)             - 'italic' (m/it) with NFSS spec.:
(fontspec)             <->s*[0.86]"[/usr/local/texlive/2022/texmf-dist/fonts/op
entype/public/tex-gyre/texgyrecursor-italic.otf]/OT:script=latn;language=dflt;m
apping=tex-text;"
(fontspec)             - 'italic small caps'  (m/scit) with NFSS spec.:
(fontspec)             <->s*[0.86]"[/usr/local/texlive/2022/texmf-dist/fonts/op
entype/public/tex-gyre/texgyrecursor-italic.otf]/OT:script=latn;language=dflt;+
smcp;mapping=tex-text;"
(fontspec)             and font adjustment code:
(fontspec)             \fontdimen 2\font =1\fontdimen 2\font \fontdimen 3\font
(fontspec)             =0\fontdimen 3\font \fontdimen 4\font =0\fontdimen
(fontspec)             4\font \fontdimen 7\font =0\fontdimen 2\font
(fontspec)             \tex_hyphenchar:D \font =-1\scan_stop: 
(fontspec)             - 'bold italic' (b/it) with NFSS spec.:
(fontspec)             <->s*[0.86]"[/usr/local/texlive/2022/texmf-dist/fonts/op
entype/public/tex-gyre/texgyrecursor-bolditalic.otf]/OT:script=latn;language=df
lt;mapping=tex-text;"
(fontspec)             - 'bold italic small caps'  (b/scit) with NFSS spec.:
(fontspec)             <->s*[0.86]"[/usr/local/texlive/2022/texmf-dist/fonts/op
entype/public/tex-gyre/texgyrecursor-bolditalic.otf]/OT:script=latn;language=df
lt;+smcp;mapping=tex-text;"
(fontspec)             and font adjustment code:
(fontspec)             \fontdimen 2\font =1\fontdimen 2\font \fontdimen 3\font
(fontspec)             =0\fontdimen 3\font \fontdimen 4\font =0\fontdimen
(fontspec)             4\font \fontdimen 7\font =0\fontdimen 2\font
(fontspec)             \tex_hyphenchar:D \font =-1\scan_stop: 


(/usr/local/texlive/2022/texmf-dist/tex/latex/geometry/geometry.sty
Package: geometry 2020/01/02 v5.9 Page Geometry

(/usr/local/texlive/2022/texmf-dist/tex/latex/graphics/keyval.sty
Package: keyval 2014/10/28 v1.15 key=value parser (DPC)
\KV@toks@=\toks16
)
(/usr/local/texlive/2022/texmf-dist/tex/generic/iftex/ifvtex.sty
Package: ifvtex 2019/10/25 v1.7 ifvtex legacy package. Use iftex instead.

(/usr/local/texlive/2022/texmf-dist/tex/generic/iftex/iftex.sty
Package: iftex 2022/02/03 v1.0f TeX engine tests
))
\Gm@cnth=\count273
\Gm@cntv=\count274
\c@Gm@tempcnt=\count275
\Gm@bindingoffset=\dimen142
\Gm@wd@mp=\dimen143
\Gm@odd@mp=\dimen144
\Gm@even@mp=\dimen145
\Gm@layoutwidth=\dimen146
\Gm@layoutheight=\dimen147
\Gm@layouthoffset=\dimen148
\Gm@layoutvoffset=\dimen149
\Gm@dimlist=\toks17
)
(/usr/local/texlive/2022/texmf-dist/tex/latex/microtype/microtype.sty
Package: microtype 2022/03/14 v3.0d Micro-typographical refinements (RS)

(/usr/local/texlive/2022/texmf-dist/tex/latex/etoolbox/etoolbox.sty
Package: etoolbox 2020/10/05 v2.5k e-TeX tools for LaTeX (JAW)
\etb@tempcnta=\count276
)
\MT@toks=\toks18
\MT@tempbox=\box51
\MT@count=\count277
LaTeX Info: Redefining \noprotrusionifhmode on input line 1027.
LaTeX Info: Redefining \leftprotrusion on input line 1028.
LaTeX Info: Redefining \rightprotrusion on input line 1036.
LaTeX Info: Redefining \textls on input line 1195.
\MT@outer@kern=\dimen150
LaTeX Info: Redefining \textmicrotypecontext on input line 1781.
\MT@listname@count=\count278

(/usr/local/texlive/2022/texmf-dist/tex/latex/microtype/microtype-xetex.def
File: microtype-xetex.def 2022/03/14 v3.0d Definitions specific to xetex (RS)
LaTeX Info: Redefining \lsstyle on input line 236.
)
Package microtype Info: Loading configuration file microtype.cfg.

(/usr/local/texlive/2022/texmf-dist/tex/latex/microtype/microtype.cfg
File: microtype.cfg 2022/03/14 v3.0d microtype main configuration file (RS)
))
(/usr/local/texlive/2022/texmf-dist/tex/latex/xcolor/xcolor.sty
Package: xcolor 2021/10/31 v2.13 LaTeX color extensions (UK)

(/usr/local/texlive/2022/texmf-dist/tex/latex/graphics-cfg/color.cfg
File: color.cfg 2016/01/02 v1.6 sample color configuration
)
Package xcolor Info: Driver file: xetex.def on input line 227.

(/usr/local/texlive/2022/texmf-dist/tex/latex/graphics-def/xetex.def
File: xetex.def 2021/03/18 v5.0k Graphics/color driver for xetex
)
(/usr/local/texlive/2022/texmf-dist/tex/latex/colortbl/colortbl.sty
Package: colortbl 2020/01/04 v1.0e Color table columns (DPC)

(/usr/local/texlive/2022/texmf-dist/tex/latex/tools/array.sty
Package: array 2021/10/04 v2.5f Tabular extension package (FMi)
\col@sep=\dimen151
\ar@mcellbox=\box52
\extrarowheight=\dimen152
\NC@list=\toks19
\extratabsurround=\skip49
\backup@length=\skip50
\ar@cellbox=\box53
)
\everycr=\toks20
\minrowclearance=\skip51
)
\rownum=\count279
Package xcolor Info: Model `cmy' substituted by `cmy0' on input line 1352.
Package xcolor Info: Model `RGB' extended on input line 1368.
Package xcolor Info: Model `HTML' substituted by `rgb' on input line 1370.
Package xcolor Info: Model `Hsb' substituted by `hsb' on input line 1371.
Package xcolor Info: Model `tHsb' substituted by `hsb' on input line 1372.
Package xcolor Info: Model `HSB' substituted by `hsb' on input line 1373.
Package xcolor Info: Model `Gray' substituted by `gray' on input line 1374.
Package xcolor Info: Model `wave' substituted by `hsb' on input line 1375.

(/usr/local/texlive/2022/texmf-dist/tex/latex/graphics/dvipsnam.def
File: dvipsnam.def 2016/06/17 v3.0m Driver-dependent file (DPC,SPQR)
))
(/usr/local/texlive/2022/texmf-dist/tex/latex/url/url.sty
\Urlmuskip=\muskip16
Package: url 2013/09/16  ver 3.4  Verb mode for urls, etc.
)
(/usr/local/texlive/2022/texmf-dist/tex/latex/amsmath/amsmath.sty
Package: amsmath 2021/10/15 v2.17l AMS math features
\@mathmargin=\skip52

For additional information on amsmath, use the `?' option.
(/usr/local/texlive/2022/texmf-dist/tex/latex/amsmath/amstext.sty
Package: amstext 2021/08/26 v2.01 AMS text

(/usr/local/texlive/2022/texmf-dist/tex/latex/amsmath/amsgen.sty
File: amsgen.sty 1999/11/30 v2.0 generic functions
\@emptytoks=\toks21
\ex@=\dimen153
))
(/usr/local/texlive/2022/texmf-dist/tex/latex/amsmath/amsbsy.sty
Package: amsbsy 1999/11/29 v1.2d Bold Symbols
\pmbraise@=\dimen154
)
(/usr/local/texlive/2022/texmf-dist/tex/latex/amsmath/amsopn.sty
Package: amsopn 2021/08/26 v2.02 operator names
)
\inf@bad=\count280
LaTeX Info: Redefining \frac on input line 234.
\uproot@=\count281
\leftroot@=\count282
LaTeX Info: Redefining \overline on input line 399.
\classnum@=\count283
\DOTSCASE@=\count284
LaTeX Info: Redefining \ldots on input line 496.
LaTeX Info: Redefining \dots on input line 499.
LaTeX Info: Redefining \cdots on input line 620.
\Mathstrutbox@=\box54
\strutbox@=\box55
\big@size=\dimen155
LaTeX Font Info:    Redeclaring font encoding OML on input line 743.
LaTeX Font Info:    Redeclaring font encoding OMS on input line 744.
\macc@depth=\count285
\c@MaxMatrixCols=\count286
\dotsspace@=\muskip17
\c@parentequation=\count287
\dspbrk@lvl=\count288
\tag@help=\toks22
\row@=\count289
\column@=\count290
\maxfields@=\count291
\andhelp@=\toks23
\eqnshift@=\dimen156
\alignsep@=\dimen157
\tagshift@=\dimen158
\tagwidth@=\dimen159
\totwidth@=\dimen160
\lineht@=\dimen161
\@envbody=\toks24
\multlinegap=\skip53
\multlinetaggap=\skip54
\mathdisplay@stack=\toks25
LaTeX Info: Redefining \[ on input line 2938.
LaTeX Info: Redefining \] on input line 2939.
)
(/usr/local/texlive/2022/texmf-dist/tex/latex/amsfonts/amssymb.sty
Package: amssymb 2013/01/14 v3.01 AMS font symbols

(/usr/local/texlive/2022/texmf-dist/tex/latex/amsfonts/amsfonts.sty
Package: amsfonts 2013/01/14 v3.01 Basic AMSFonts support
\symAMSa=\mathgroup4
\symAMSb=\mathgroup5
LaTeX Font Info:    Redeclaring math symbol \hbar on input line 98.
LaTeX Font Info:    Overwriting math alphabet `\mathfrak' in version `bold'
(Font)                  U/euf/m/n --> U/euf/b/n on input line 106.
))
(/usr/local/texlive/2022/texmf-dist/tex/latex/graphics/graphicx.sty
Package: graphicx 2021/09/16 v1.2d Enhanced LaTeX Graphics (DPC,SPQR)

(/usr/local/texlive/2022/texmf-dist/tex/latex/graphics/graphics.sty
Package: graphics 2021/03/04 v1.4d Standard LaTeX Graphics (DPC,SPQR)

(/usr/local/texlive/2022/texmf-dist/tex/latex/graphics/trig.sty
Package: trig 2021/08/11 v1.11 sin cos tan (DPC)
)
(/usr/local/texlive/2022/texmf-dist/tex/latex/graphics-cfg/graphics.cfg
File: graphics.cfg 2016/06/04 v1.11 sample graphics configuration
)
Package graphics Info: Driver file: xetex.def on input line 107.
)
\Gin@req@height=\dimen162
\Gin@req@width=\dimen163
)
(/usr/local/texlive/2022/texmf-dist/tex/latex/float/float.sty
Package: float 2001/11/08 v1.3d Float enhancements (AL)
\c@float@type=\count292
\float@exts=\toks26
\float@box=\box56
\@float@everytoks=\toks27
\@floatcapt=\box57
)
(/usr/local/texlive/2022/texmf-dist/tex/latex/needspace/needspace.sty
Package: needspace 2010/09/12 v1.3d reserve vertical space
)
(/usr/local/texlive/2022/texmf-dist/tex/latex/caption/subcaption.sty
Package: subcaption 2022/01/07 v1.5 Sub-captions (AR)

(/usr/local/texlive/2022/texmf-dist/tex/latex/caption/caption.sty
Package: caption 2022/03/01 v3.6b Customizing captions (AR)

(/usr/local/texlive/2022/texmf-dist/tex/latex/caption/caption3.sty
Package: caption3 2022/03/17 v2.3b caption3 kernel (AR)
\caption@tempdima=\dimen164
\captionmargin=\dimen165
\caption@leftmargin=\dimen166
\caption@rightmargin=\dimen167
\caption@width=\dimen168
\caption@indent=\dimen169
\caption@parindent=\dimen170
\caption@hangindent=\dimen171
Package caption Info: Standard document class detected.
)
\c@caption@flags=\count293
\c@continuedfloat=\count294
Package caption Info: float package is loaded.
)
\c@subfigure=\count295
\c@subtable=\count296
)
(/usr/local/texlive/2022/texmf-dist/tex/latex/booktabs/booktabs.sty
Package: booktabs 2020/01/12 v1.61803398 Publication quality tables
\heavyrulewidth=\dimen172
\lightrulewidth=\dimen173
\cmidrulewidth=\dimen174
\belowrulesep=\dimen175
\belowbottomsep=\dimen176
\aboverulesep=\dimen177
\abovetopsep=\dimen178
\cmidrulesep=\dimen179
\cmidrulekern=\dimen180
\defaultaddspace=\dimen181
\@cmidla=\count297
\@cmidlb=\count298
\@aboverulesep=\dimen182
\@belowrulesep=\dimen183
\@thisruleclass=\count299
\@lastruleclass=\count300
\@thisrulewidth=\dimen184
)
(/usr/local/texlive/2022/texmf-dist/tex/latex/pgf/frontendlayer/tikz.sty
(/usr/local/texlive/2022/texmf-dist/tex/latex/pgf/basiclayer/pgf.sty
(/usr/local/texlive/2022/texmf-dist/tex/latex/pgf/utilities/pgfrcs.sty
(/usr/local/texlive/2022/texmf-dist/tex/generic/pgf/utilities/pgfutil-common.te
x
\pgfutil@everybye=\toks28
\pgfutil@tempdima=\dimen185
\pgfutil@tempdimb=\dimen186

(/usr/local/texlive/2022/texmf-dist/tex/generic/pgf/utilities/pgfutil-common-li
sts.tex))
(/usr/local/texlive/2022/texmf-dist/tex/generic/pgf/utilities/pgfutil-latex.def
\pgfutil@abb=\box58
) (/usr/local/texlive/2022/texmf-dist/tex/generic/pgf/utilities/pgfrcs.code.tex
(/usr/local/texlive/2022/texmf-dist/tex/generic/pgf/pgf.revision.tex)
Package: pgfrcs 2021/05/15 v3.1.9a (3.1.9a)
))
Package: pgf 2021/05/15 v3.1.9a (3.1.9a)

(/usr/local/texlive/2022/texmf-dist/tex/latex/pgf/basiclayer/pgfcore.sty
(/usr/local/texlive/2022/texmf-dist/tex/latex/pgf/systemlayer/pgfsys.sty
(/usr/local/texlive/2022/texmf-dist/tex/generic/pgf/systemlayer/pgfsys.code.tex
Package: pgfsys 2021/05/15 v3.1.9a (3.1.9a)
(/usr/local/texlive/2022/texmf-dist/tex/generic/pgf/utilities/pgfkeys.code.tex
\pgfkeys@pathtoks=\toks29
\pgfkeys@temptoks=\toks30

(/usr/local/texlive/2022/texmf-dist/tex/generic/pgf/utilities/pgfkeysfiltered.c
ode.tex
\pgfkeys@tmptoks=\toks31
))
\pgf@x=\dimen187
\pgf@y=\dimen188
\pgf@xa=\dimen189
\pgf@ya=\dimen190
\pgf@xb=\dimen191
\pgf@yb=\dimen192
\pgf@xc=\dimen193
\pgf@yc=\dimen194
\pgf@xd=\dimen195
\pgf@yd=\dimen196
\w@pgf@writea=\write3
\r@pgf@reada=\read2
\c@pgf@counta=\count301
\c@pgf@countb=\count302
\c@pgf@countc=\count303
\c@pgf@countd=\count304
\t@pgf@toka=\toks32
\t@pgf@tokb=\toks33
\t@pgf@tokc=\toks34
\pgf@sys@id@count=\count305

(/usr/local/texlive/2022/texmf-dist/tex/generic/pgf/systemlayer/pgf.cfg
File: pgf.cfg 2021/05/15 v3.1.9a (3.1.9a)
)
Driver file for pgf: pgfsys-xetex.def

(/usr/local/texlive/2022/texmf-dist/tex/generic/pgf/systemlayer/pgfsys-xetex.de
f
File: pgfsys-xetex.def 2021/05/15 v3.1.9a (3.1.9a)

(/usr/local/texlive/2022/texmf-dist/tex/generic/pgf/systemlayer/pgfsys-dvipdfmx
.def
File: pgfsys-dvipdfmx.def 2021/05/15 v3.1.9a (3.1.9a)

(/usr/local/texlive/2022/texmf-dist/tex/generic/pgf/systemlayer/pgfsys-common-p
df.def
File: pgfsys-common-pdf.def 2021/05/15 v3.1.9a (3.1.9a)
)
\pgfsys@objnum=\count306
)))
(/usr/local/texlive/2022/texmf-dist/tex/generic/pgf/systemlayer/pgfsyssoftpath.
code.tex
File: pgfsyssoftpath.code.tex 2021/05/15 v3.1.9a (3.1.9a)
\pgfsyssoftpath@smallbuffer@items=\count307
\pgfsyssoftpath@bigbuffer@items=\count308
)
(/usr/local/texlive/2022/texmf-dist/tex/generic/pgf/systemlayer/pgfsysprotocol.
code.tex
File: pgfsysprotocol.code.tex 2021/05/15 v3.1.9a (3.1.9a)
))
(/usr/local/texlive/2022/texmf-dist/tex/generic/pgf/basiclayer/pgfcore.code.tex
Package: pgfcore 2021/05/15 v3.1.9a (3.1.9a)
(/usr/local/texlive/2022/texmf-dist/tex/generic/pgf/math/pgfmath.code.tex
(/usr/local/texlive/2022/texmf-dist/tex/generic/pgf/math/pgfmathcalc.code.tex
(/usr/local/texlive/2022/texmf-dist/tex/generic/pgf/math/pgfmathutil.code.tex)
(/usr/local/texlive/2022/texmf-dist/tex/generic/pgf/math/pgfmathparser.code.tex
\pgfmath@dimen=\dimen197
\pgfmath@count=\count309
\pgfmath@box=\box59
\pgfmath@toks=\toks35
\pgfmath@stack@operand=\toks36
\pgfmath@stack@operation=\toks37
)
(/usr/local/texlive/2022/texmf-dist/tex/generic/pgf/math/pgfmathfunctions.code.
tex
(/usr/local/texlive/2022/texmf-dist/tex/generic/pgf/math/pgfmathfunctions.basic
.code.tex)
(/usr/local/texlive/2022/texmf-dist/tex/generic/pgf/math/pgfmathfunctions.trigo
nometric.code.tex)
(/usr/local/texlive/2022/texmf-dist/tex/generic/pgf/math/pgfmathfunctions.rando
m.code.tex)
(/usr/local/texlive/2022/texmf-dist/tex/generic/pgf/math/pgfmathfunctions.compa
rison.code.tex)
(/usr/local/texlive/2022/texmf-dist/tex/generic/pgf/math/pgfmathfunctions.base.
code.tex)
(/usr/local/texlive/2022/texmf-dist/tex/generic/pgf/math/pgfmathfunctions.round
.code.tex)
(/usr/local/texlive/2022/texmf-dist/tex/generic/pgf/math/pgfmathfunctions.misc.
code.tex)
(/usr/local/texlive/2022/texmf-dist/tex/generic/pgf/math/pgfmathfunctions.integ
erarithmetics.code.tex)))
(/usr/local/texlive/2022/texmf-dist/tex/generic/pgf/math/pgfmathfloat.code.tex
\c@pgfmathroundto@lastzeros=\count310
)) (/usr/local/texlive/2022/texmf-dist/tex/generic/pgf/math/pgfint.code.tex)
(/usr/local/texlive/2022/texmf-dist/tex/generic/pgf/basiclayer/pgfcorepoints.co
de.tex
File: pgfcorepoints.code.tex 2021/05/15 v3.1.9a (3.1.9a)
\pgf@picminx=\dimen198
\pgf@picmaxx=\dimen199
\pgf@picminy=\dimen256
\pgf@picmaxy=\dimen257
\pgf@pathminx=\dimen258
\pgf@pathmaxx=\dimen259
\pgf@pathminy=\dimen260
\pgf@pathmaxy=\dimen261
\pgf@xx=\dimen262
\pgf@xy=\dimen263
\pgf@yx=\dimen264
\pgf@yy=\dimen265
\pgf@zx=\dimen266
\pgf@zy=\dimen267
)
(/usr/local/texlive/2022/texmf-dist/tex/generic/pgf/basiclayer/pgfcorepathconst
ruct.code.tex
File: pgfcorepathconstruct.code.tex 2021/05/15 v3.1.9a (3.1.9a)
\pgf@path@lastx=\dimen268
\pgf@path@lasty=\dimen269
)
(/usr/local/texlive/2022/texmf-dist/tex/generic/pgf/basiclayer/pgfcorepathusage
.code.tex
File: pgfcorepathusage.code.tex 2021/05/15 v3.1.9a (3.1.9a)
\pgf@shorten@end@additional=\dimen270
\pgf@shorten@start@additional=\dimen271
)
(/usr/local/texlive/2022/texmf-dist/tex/generic/pgf/basiclayer/pgfcorescopes.co
de.tex
File: pgfcorescopes.code.tex 2021/05/15 v3.1.9a (3.1.9a)
\pgfpic=\box60
\pgf@hbox=\box61
\pgf@layerbox@main=\box62
\pgf@picture@serial@count=\count311
)
(/usr/local/texlive/2022/texmf-dist/tex/generic/pgf/basiclayer/pgfcoregraphicst
ate.code.tex
File: pgfcoregraphicstate.code.tex 2021/05/15 v3.1.9a (3.1.9a)
\pgflinewidth=\dimen272
)
(/usr/local/texlive/2022/texmf-dist/tex/generic/pgf/basiclayer/pgfcoretransform
ations.code.tex
File: pgfcoretransformations.code.tex 2021/05/15 v3.1.9a (3.1.9a)
\pgf@pt@x=\dimen273
\pgf@pt@y=\dimen274
\pgf@pt@temp=\dimen275
)
(/usr/local/texlive/2022/texmf-dist/tex/generic/pgf/basiclayer/pgfcorequick.cod
e.tex
File: pgfcorequick.code.tex 2021/05/15 v3.1.9a (3.1.9a)
)
(/usr/local/texlive/2022/texmf-dist/tex/generic/pgf/basiclayer/pgfcoreobjects.c
ode.tex
File: pgfcoreobjects.code.tex 2021/05/15 v3.1.9a (3.1.9a)
)
(/usr/local/texlive/2022/texmf-dist/tex/generic/pgf/basiclayer/pgfcorepathproce
ssing.code.tex
File: pgfcorepathprocessing.code.tex 2021/05/15 v3.1.9a (3.1.9a)
)
(/usr/local/texlive/2022/texmf-dist/tex/generic/pgf/basiclayer/pgfcorearrows.co
de.tex
File: pgfcorearrows.code.tex 2021/05/15 v3.1.9a (3.1.9a)
\pgfarrowsep=\dimen276
)
(/usr/local/texlive/2022/texmf-dist/tex/generic/pgf/basiclayer/pgfcoreshade.cod
e.tex
File: pgfcoreshade.code.tex 2021/05/15 v3.1.9a (3.1.9a)
\pgf@max=\dimen277
\pgf@sys@shading@range@num=\count312
\pgf@shadingcount=\count313
)
(/usr/local/texlive/2022/texmf-dist/tex/generic/pgf/basiclayer/pgfcoreimage.cod
e.tex
File: pgfcoreimage.code.tex 2021/05/15 v3.1.9a (3.1.9a)

(/usr/local/texlive/2022/texmf-dist/tex/generic/pgf/basiclayer/pgfcoreexternal.
code.tex
File: pgfcoreexternal.code.tex 2021/05/15 v3.1.9a (3.1.9a)
\pgfexternal@startupbox=\box63
))
(/usr/local/texlive/2022/texmf-dist/tex/generic/pgf/basiclayer/pgfcorelayers.co
de.tex
File: pgfcorelayers.code.tex 2021/05/15 v3.1.9a (3.1.9a)
)
(/usr/local/texlive/2022/texmf-dist/tex/generic/pgf/basiclayer/pgfcoretranspare
ncy.code.tex
File: pgfcoretransparency.code.tex 2021/05/15 v3.1.9a (3.1.9a)
)
(/usr/local/texlive/2022/texmf-dist/tex/generic/pgf/basiclayer/pgfcorepatterns.
code.tex
File: pgfcorepatterns.code.tex 2021/05/15 v3.1.9a (3.1.9a)
)
(/usr/local/texlive/2022/texmf-dist/tex/generic/pgf/basiclayer/pgfcorerdf.code.
tex
File: pgfcorerdf.code.tex 2021/05/15 v3.1.9a (3.1.9a)
)))
(/usr/local/texlive/2022/texmf-dist/tex/generic/pgf/modules/pgfmoduleshapes.cod
e.tex
File: pgfmoduleshapes.code.tex 2021/05/15 v3.1.9a (3.1.9a)
\pgfnodeparttextbox=\box64
)
(/usr/local/texlive/2022/texmf-dist/tex/generic/pgf/modules/pgfmoduleplot.code.
tex
File: pgfmoduleplot.code.tex 2021/05/15 v3.1.9a (3.1.9a)
)
(/usr/local/texlive/2022/texmf-dist/tex/latex/pgf/compatibility/pgfcomp-version
-0-65.sty
Package: pgfcomp-version-0-65 2021/05/15 v3.1.9a (3.1.9a)
\pgf@nodesepstart=\dimen278
\pgf@nodesepend=\dimen279
)
(/usr/local/texlive/2022/texmf-dist/tex/latex/pgf/compatibility/pgfcomp-version
-1-18.sty
Package: pgfcomp-version-1-18 2021/05/15 v3.1.9a (3.1.9a)
))
(/usr/local/texlive/2022/texmf-dist/tex/latex/pgf/utilities/pgffor.sty
(/usr/local/texlive/2022/texmf-dist/tex/latex/pgf/utilities/pgfkeys.sty
(/usr/local/texlive/2022/texmf-dist/tex/generic/pgf/utilities/pgfkeys.code.tex)
) (/usr/local/texlive/2022/texmf-dist/tex/latex/pgf/math/pgfmath.sty
(/usr/local/texlive/2022/texmf-dist/tex/generic/pgf/math/pgfmath.code.tex))
(/usr/local/texlive/2022/texmf-dist/tex/generic/pgf/utilities/pgffor.code.tex
Package: pgffor 2021/05/15 v3.1.9a (3.1.9a)

(/usr/local/texlive/2022/texmf-dist/tex/generic/pgf/math/pgfmath.code.tex)
\pgffor@iter=\dimen280
\pgffor@skip=\dimen281
\pgffor@stack=\toks38
\pgffor@toks=\toks39
))
(/usr/local/texlive/2022/texmf-dist/tex/generic/pgf/frontendlayer/tikz/tikz.cod
e.tex
Package: tikz 2021/05/15 v3.1.9a (3.1.9a)

(/usr/local/texlive/2022/texmf-dist/tex/generic/pgf/libraries/pgflibraryplothan
dlers.code.tex
File: pgflibraryplothandlers.code.tex 2021/05/15 v3.1.9a (3.1.9a)
\pgf@plot@mark@count=\count314
\pgfplotmarksize=\dimen282
)
\tikz@lastx=\dimen283
\tikz@lasty=\dimen284
\tikz@lastxsaved=\dimen285
\tikz@lastysaved=\dimen286
\tikz@lastmovetox=\dimen287
\tikz@lastmovetoy=\dimen288
\tikzleveldistance=\dimen289
\tikzsiblingdistance=\dimen290
\tikz@figbox=\box65
\tikz@figbox@bg=\box66
\tikz@tempbox=\box67
\tikz@tempbox@bg=\box68
\tikztreelevel=\count315
\tikznumberofchildren=\count316
\tikznumberofcurrentchild=\count317
\tikz@fig@count=\count318

(/usr/local/texlive/2022/texmf-dist/tex/generic/pgf/modules/pgfmodulematrix.cod
e.tex
File: pgfmodulematrix.code.tex 2021/05/15 v3.1.9a (3.1.9a)
\pgfmatrixcurrentrow=\count319
\pgfmatrixcurrentcolumn=\count320
\pgf@matrix@numberofcolumns=\count321
)
\tikz@expandcount=\count322

(/usr/local/texlive/2022/texmf-dist/tex/generic/pgf/frontendlayer/tikz/librarie
s/tikzlibrarytopaths.code.tex
File: tikzlibrarytopaths.code.tex 2021/05/15 v3.1.9a (3.1.9a)
)))
(/usr/local/texlive/2022/texmf-dist/tex/latex/enumitem/enumitem.sty
Package: enumitem 2019/06/20 v3.9 Customized lists
\labelindent=\skip55
\enit@outerparindent=\dimen291
\enit@toks=\toks40
\enit@inbox=\box69
\enit@count@id=\count323
\enitdp@description=\count324
)
(/usr/local/texlive/2022/texmf-dist/tex/latex/titling/titling.sty
Package: titling 2009/09/04 v2.1d maketitle typesetting
\thanksmarkwidth=\skip56
\thanksmargin=\skip57
\droptitle=\skip58
)
(/usr/local/texlive/2022/texmf-dist/tex/latex/titlesec/titlesec.sty
Package: titlesec 2021/07/05 v2.14 Sectioning titles
\ttl@box=\box70
\beforetitleunit=\skip59
\aftertitleunit=\skip60
\ttl@plus=\dimen292
\ttl@minus=\dimen293
\ttl@toksa=\toks41
\titlewidth=\dimen294
\titlewidthlast=\dimen295
\titlewidthfirst=\dimen296
)
(/usr/local/texlive/2022/texmf-dist/tex/latex/preprint/authblk.sty
Package: authblk 2001/02/27 1.3 (PWD)
\affilsep=\skip61
\@affilsep=\skip62
\c@Maxaffil=\count325
\c@authors=\count326
\c@affil=\count327
)
(/usr/local/texlive/2022/texmf-dist/tex/latex/tcolorbox/tcolorbox.sty
Package: tcolorbox 2022/01/07 version 5.0.2 text color boxes

(/usr/local/texlive/2022/texmf-dist/tex/latex/tools/verbatim.sty
Package: verbatim 2020-07-07 v1.5u LaTeX2e package for verbatim enhancements
\every@verbatim=\toks42
\verbatim@line=\toks43
\verbatim@in@stream=\read3
)
(/usr/local/texlive/2022/texmf-dist/tex/latex/environ/environ.sty
Package: environ 2014/05/04 v0.3 A new way to define environments

(/usr/local/texlive/2022/texmf-dist/tex/latex/trimspaces/trimspaces.sty
Package: trimspaces 2009/09/17 v1.1 Trim spaces around a token list
))
\tcb@titlebox=\box71
\tcb@upperbox=\box72
\tcb@lowerbox=\box73
\tcb@phantombox=\box74
\c@tcbbreakpart=\count328
\c@tcblayer=\count329
\c@tcolorbox@number=\count330
\tcb@temp=\box75
\tcb@temp=\box76
\tcb@temp=\box77
\tcb@temp=\box78

(/usr/local/texlive/2022/texmf-dist/tex/latex/tcolorbox/tcbraster.code.tex
Library (tcolorbox): 'tcbraster.code.tex' version '5.0.2'
\c@tcbrastercolumn=\count331
\c@tcbrasterrow=\count332
\c@tcbrasternum=\count333
\c@tcbraster=\count334
) (/usr/local/texlive/2022/texmf-dist/tex/latex/tcolorbox/tcbskins.code.tex
Library (tcolorbox): 'tcbskins.code.tex' version '5.0.2'
\tcb@waterbox=\box79

(/usr/local/texlive/2022/texmf-dist/tex/latex/tcolorbox/tcbskinsjigsaw.code.tex
Library (tcolorbox): 'tcbskinsjigsaw.code.tex' version '5.0.2'
))
(/usr/local/texlive/2022/texmf-dist/tex/latex/tcolorbox/tcbbreakable.code.tex
Library (tcolorbox): 'tcbbreakable.code.tex' version '5.0.2'
(/usr/local/texlive/2022/texmf-dist/tex/generic/oberdiek/pdfcol.sty
Package: pdfcol 2019/12/29 v1.6 Handle new color stacks for pdfTeX (HO)

(/usr/local/texlive/2022/texmf-dist/tex/generic/ltxcmds/ltxcmds.sty
Package: ltxcmds 2020-05-10 v1.25 LaTeX kernel commands for general use (HO)
)
(/usr/local/texlive/2022/texmf-dist/tex/generic/infwarerr/infwarerr.sty
Package: infwarerr 2019/12/03 v1.5 Providing info/warning/error messages (HO)
)
Package pdfcol Info: Interface disabled because of missing PDF mode of pdfTeX.
)
Package pdfcol Info: pdfTeX's color stacks are not available.
\tcb@testbox=\box80
\tcb@totalupperbox=\box81
\tcb@totallowerbox=\box82
)
(/usr/local/texlive/2022/texmf-dist/tex/latex/tcolorbox/tcbhooks.code.tex
Library (tcolorbox): 'tcbhooks.code.tex' version '5.0.2'
) (/usr/local/texlive/2022/texmf-dist/tex/latex/tcolorbox/tcbtheorems.code.tex
Library (tcolorbox): 'tcbtheorems.code.tex' version '5.0.2'
) (/usr/local/texlive/2022/texmf-dist/tex/latex/tcolorbox/tcbfitting.code.tex
Library (tcolorbox): 'tcbfitting.code.tex' version '5.0.2'
\tcbfitdim=\dimen297
\tcb@lowerfitdim=\dimen298
\tcb@upperfitdim=\dimen299
\tcb@cur@hbadness=\count335
) (/usr/local/texlive/2022/texmf-dist/tex/latex/tcolorbox/tcbxparse.code.tex
Library (tcolorbox): 'tcbxparse.code.tex' version '5.0.2'
)
(/usr/local/texlive/2022/texmf-dist/tex/latex/tcolorbox/tcblistingsutf8.code.te
x
Library (tcolorbox): 'tcblistingsutf8.code.tex' version '5.0.2'
(/usr/local/texlive/2022/texmf-dist/tex/latex/tcolorbox/tcblistings.code.tex
Library (tcolorbox): 'tcblistings.code.tex' version '5.0.2'
(/usr/local/texlive/2022/texmf-dist/tex/latex/listings/listings.sty
\lst@mode=\count336
\lst@gtempboxa=\box83
\lst@token=\toks44
\lst@length=\count337
\lst@currlwidth=\dimen300
\lst@column=\count338
\lst@pos=\count339
\lst@lostspace=\dimen301
\lst@width=\dimen302
\lst@newlines=\count340
\lst@lineno=\count341
\lst@maxwidth=\dimen303

(/usr/local/texlive/2022/texmf-dist/tex/latex/listings/lstmisc.sty
File: lstmisc.sty 2020/03/24 1.8d (Carsten Heinz)
\c@lstnumber=\count342
\lst@skipnumbers=\count343
\lst@framebox=\box84
)
(/usr/local/texlive/2022/texmf-dist/tex/latex/listings/listings.cfg
File: listings.cfg 2020/03/24 1.8d listings configuration
))
Package: listings 2020/03/24 1.8d (Carsten Heinz)

(/usr/local/texlive/2022/texmf-dist/tex/latex/tcolorbox/tcblistingscore.code.te
x
Library (tcolorbox): 'tcblistingscore.code.tex' version '5.0.2'
(/usr/local/texlive/2022/texmf-dist/tex/latex/tcolorbox/tcbprocessing.code.tex
Library (tcolorbox): 'tcbprocessing.code.tex' version '5.0.2'
(/usr/local/texlive/2022/texmf-dist/tex/generic/pdftexcmds/pdftexcmds.sty
Package: pdftexcmds 2020-06-27 v0.33 Utility functions of pdfTeX for LuaTeX (HO
)
Package pdftexcmds Info: \pdf@primitive is available.
Package pdftexcmds Info: \pdf@ifprimitive is available.
Package pdftexcmds Info: \pdfdraftmode not found.
)
(/usr/local/texlive/2022/texmf-dist/tex/latex/tools/shellesc.sty
Package: shellesc 2019/11/08 v1.0c unified shell escape interface for LaTeX
Package shellesc Info: Restricted shell escape enabled on input line 77.
))
\c@tcblisting=\count344
))
Package tcolorbox Info: Library `listingsutf8' is compatible with pdftex only. 
Library `listings` is loaded instead. on input line 29.
)
(/usr/local/texlive/2022/texmf-dist/tex/latex/tcolorbox/tcbexternal.code.tex
Library (tcolorbox): 'tcbexternal.code.tex' version '5.0.2'
) (/usr/local/texlive/2022/texmf-dist/tex/latex/tcolorbox/tcbmagazine.code.tex
Library (tcolorbox): 'tcbmagazine.code.tex' version '5.0.2'
) (/usr/local/texlive/2022/texmf-dist/tex/latex/tcolorbox/tcbvignette.code.tex
Library (tcolorbox): 'tcbvignette.code.tex' version '5.0.2'

(/usr/local/texlive/2022/texmf-dist/tex/generic/pgf/frontendlayer/tikz/librarie
s/tikzlibraryfadings.code.tex
File: tikzlibraryfadings.code.tex 2021/05/15 v3.1.9a (3.1.9a)

(/usr/local/texlive/2022/texmf-dist/tex/generic/pgf/libraries/pgflibraryfadings
.code.tex
File: pgflibraryfadings.code.tex 2021/05/15 v3.1.9a (3.1.9a)
)))
(/usr/local/texlive/2022/texmf-dist/tex/latex/tcolorbox/tcbposter.code.tex
Library (tcolorbox): 'tcbposter.code.tex' version '5.0.2'
)) (/usr/local/texlive/2022/texmf-dist/tex/latex/fancyhdr/fancyhdr.sty
Package: fancyhdr 2021/01/28 v4.0.1 Extensive control of page headers and foote
rs
\f@nch@headwidth=\skip63
\f@nch@O@elh=\skip64
\f@nch@O@erh=\skip65
\f@nch@O@olh=\skip66
\f@nch@O@orh=\skip67
\f@nch@O@elf=\skip68
\f@nch@O@erf=\skip69
\f@nch@O@olf=\skip70
\f@nch@O@orf=\skip71
)
(/usr/local/texlive/2022/texmf-dist/tex/latex/lastpage/lastpage.sty
Package: lastpage 2021/09/03 v1.2n Refers to last page's name (HMM; JPG)
)
(/usr/local/texlive/2022/texmf-dist/tex/latex/tools/multicol.sty
Package: multicol 2021/10/28 v1.9b multicolumn formatting (FMi)
\c@tracingmulticols=\count345
\mult@box=\box85
\multicol@leftmargin=\dimen304
\c@unbalance=\count346
\c@collectmore=\count347
\doublecol@number=\count348
\multicoltolerance=\count349
\multicolpretolerance=\count350
\full@width=\dimen305
\page@free=\dimen306
\premulticols=\dimen307
\postmulticols=\dimen308
\multicolsep=\skip72
\multicolbaselineskip=\skip73
\partial@page=\box86
\last@line=\box87
\maxbalancingoverflow=\dimen309
\mult@rightbox=\box88
\mult@grightbox=\box89
\mult@firstbox=\box90
\mult@gfirstbox=\box91
\@tempa=\box92
\@tempa=\box93
\@tempa=\box94
\@tempa=\box95
\@tempa=\box96
\@tempa=\box97
\@tempa=\box98
\@tempa=\box99
\@tempa=\box100
\@tempa=\box101
\@tempa=\box102
\@tempa=\box103
\@tempa=\box104
\@tempa=\box105
\@tempa=\box106
\@tempa=\box107
\@tempa=\box108
\@tempa=\box109
\@tempa=\box110
\@tempa=\box111
\@tempa=\box112
\@tempa=\box113
\@tempa=\box114
\@tempa=\box115
\@tempa=\box116
\@tempa=\box117
\@tempa=\box118
\@tempa=\box119
\@tempa=\box120
\@tempa=\box121
\@tempa=\box122
\@tempa=\box123
\@tempa=\box124
\@tempa=\box125
\@tempa=\box126
\@tempa=\box127
\c@minrows=\count351
\c@columnbadness=\count352
\c@finalcolumnbadness=\count353
\last@try=\dimen310
\multicolovershoot=\dimen311
\multicolundershoot=\dimen312
\mult@nat@firstbox=\box128
\colbreak@box=\box129
\mc@col@check@num=\count354
)
(/usr/local/texlive/2022/texmf-dist/tex/latex/hyperref/hyperref.sty
Package: hyperref 2022-02-21 v7.00n Hypertext links for LaTeX

(/usr/local/texlive/2022/texmf-dist/tex/generic/kvsetkeys/kvsetkeys.sty
Package: kvsetkeys 2019/12/15 v1.18 Key value parser (HO)
)
(/usr/local/texlive/2022/texmf-dist/tex/generic/kvdefinekeys/kvdefinekeys.sty
Package: kvdefinekeys 2019-12-19 v1.6 Define keys (HO)
)
(/usr/local/texlive/2022/texmf-dist/tex/generic/pdfescape/pdfescape.sty
Package: pdfescape 2019/12/09 v1.15 Implements pdfTeX's escape features (HO)
)
(/usr/local/texlive/2022/texmf-dist/tex/latex/hycolor/hycolor.sty
Package: hycolor 2020-01-27 v1.10 Color options for hyperref/bookmark (HO)
)
(/usr/local/texlive/2022/texmf-dist/tex/latex/letltxmacro/letltxmacro.sty
Package: letltxmacro 2019/12/03 v1.6 Let assignment for LaTeX macros (HO)
)
(/usr/local/texlive/2022/texmf-dist/tex/latex/auxhook/auxhook.sty
Package: auxhook 2019-12-17 v1.6 Hooks for auxiliary files (HO)
)
(/usr/local/texlive/2022/texmf-dist/tex/latex/kvoptions/kvoptions.sty
Package: kvoptions 2020-10-07 v3.14 Key value format for package options (HO)
)
\@linkdim=\dimen313
\Hy@linkcounter=\count355
\Hy@pagecounter=\count356

(/usr/local/texlive/2022/texmf-dist/tex/latex/hyperref/pd1enc.def
File: pd1enc.def 2022-02-21 v7.00n Hyperref: PDFDocEncoding definition (HO)
)
(/usr/local/texlive/2022/texmf-dist/tex/generic/intcalc/intcalc.sty
Package: intcalc 2019/12/15 v1.3 Expandable calculations with integers (HO)
)
(/usr/local/texlive/2022/texmf-dist/tex/generic/etexcmds/etexcmds.sty
Package: etexcmds 2019/12/15 v1.7 Avoid name clashes with e-TeX commands (HO)
)
\Hy@SavedSpaceFactor=\count357

(/usr/local/texlive/2022/texmf-dist/tex/latex/hyperref/puenc.def
File: puenc.def 2022-02-21 v7.00n Hyperref: PDF Unicode definition (HO)
)
Package hyperref Info: Hyper figures OFF on input line 4137.
Package hyperref Info: Link nesting OFF on input line 4142.
Package hyperref Info: Hyper index ON on input line 4145.
Package hyperref Info: Plain pages OFF on input line 4152.
Package hyperref Info: Backreferencing OFF on input line 4157.
Package hyperref Info: Implicit mode ON; LaTeX internals redefined.
Package hyperref Info: Bookmarks ON on input line 4390.
\c@Hy@tempcnt=\count358
LaTeX Info: Redefining \url on input line 4749.
\XeTeXLinkMargin=\dimen314

(/usr/local/texlive/2022/texmf-dist/tex/generic/bitset/bitset.sty
Package: bitset 2019/12/09 v1.3 Handle bit-vector datatype (HO)

(/usr/local/texlive/2022/texmf-dist/tex/generic/bigintcalc/bigintcalc.sty
Package: bigintcalc 2019/12/15 v1.5 Expandable calculations on big integers (HO
)
))
\Fld@menulength=\count359
\Field@Width=\dimen315
\Fld@charsize=\dimen316
Package hyperref Info: Hyper figures OFF on input line 6027.
Package hyperref Info: Link nesting OFF on input line 6032.
Package hyperref Info: Hyper index ON on input line 6035.
Package hyperref Info: backreferencing OFF on input line 6042.
Package hyperref Info: Link coloring OFF on input line 6047.
Package hyperref Info: Link coloring with OCG OFF on input line 6052.
Package hyperref Info: PDF/A mode OFF on input line 6057.
LaTeX Info: Redefining \ref on input line 6097.
LaTeX Info: Redefining \pageref on input line 6101.

(/usr/local/texlive/2022/texmf-dist/tex/latex/base/atbegshi-ltx.sty
Package: atbegshi-ltx 2021/01/10 v1.0c Emulation of the original atbegshi
package with kernel methods
)
\Hy@abspage=\count360
\c@Item=\count361
\c@Hfootnote=\count362
)
Package hyperref Info: Driver (autodetected): hxetex.

(/usr/local/texlive/2022/texmf-dist/tex/latex/hyperref/hxetex.def
File: hxetex.def 2022-02-21 v7.00n Hyperref driver for XeTeX

(/usr/local/texlive/2022/texmf-dist/tex/generic/stringenc/stringenc.sty
Package: stringenc 2019/11/29 v1.12 Convert strings between diff. encodings (HO
)
)
\pdfm@box=\box130
\c@Hy@AnnotLevel=\count363
\HyField@AnnotCount=\count364
\Fld@listcount=\count365
\c@bookmark@seq@number=\count366

(/usr/local/texlive/2022/texmf-dist/tex/latex/rerunfilecheck/rerunfilecheck.sty
Package: rerunfilecheck 2019/12/05 v1.9 Rerun checks for auxiliary files (HO)
(/usr/local/texlive/2022/texmf-dist/tex/latex/base/atveryend-ltx.sty
Package: atveryend-ltx 2020/08/19 v1.0a Emulation of the original atveryend pac
kage
with kernel methods
)
(/usr/local/texlive/2022/texmf-dist/tex/generic/uniquecounter/uniquecounter.sty
Package: uniquecounter 2019/12/15 v1.4 Provide unlimited unique counter (HO)
)
Package uniquecounter Info: New unique counter `rerunfilecheck' on input line 2
86.
)
\Hy@SectionHShift=\skip74
)
(/usr/local/texlive/2022/texmf-dist/tex/generic/pgf/libraries/pgflibraryarrows.
meta.code.tex
File: pgflibraryarrows.meta.code.tex 2021/05/15 v3.1.9a (3.1.9a)
\pgfarrowinset=\dimen317
\pgfarrowlength=\dimen318
\pgfarrowwidth=\dimen319
\pgfarrowlinewidth=\dimen320
)
(/usr/local/texlive/2022/texmf-dist/tex/generic/pgf/frontendlayer/tikz/librarie
s/tikzlibrarypositioning.code.tex
File: tikzlibrarypositioning.code.tex 2021/05/15 v3.1.9a (3.1.9a)
)
(/usr/local/texlive/2022/texmf-dist/tex/generic/pgf/frontendlayer/tikz/librarie
s/tikzlibraryshapes.geometric.code.tex
File: tikzlibraryshapes.geometric.code.tex 2021/05/15 v3.1.9a (3.1.9a)

(/usr/local/texlive/2022/texmf-dist/tex/generic/pgf/libraries/shapes/pgflibrary
shapes.geometric.code.tex
File: pgflibraryshapes.geometric.code.tex 2021/05/15 v3.1.9a (3.1.9a)
))
(/usr/local/texlive/2022/texmf-dist/tex/generic/pgf/frontendlayer/tikz/librarie
s/tikzlibraryfit.code.tex
File: tikzlibraryfit.code.tex 2021/05/15 v3.1.9a (3.1.9a)
)
(/usr/local/texlive/2022/texmf-dist/tex/generic/pgf/frontendlayer/tikz/librarie
s/tikzlibrarybackgrounds.code.tex
File: tikzlibrarybackgrounds.code.tex 2021/05/15 v3.1.9a (3.1.9a)
\pgf@layerbox@background=\box131
\pgf@layerboxsaved@background=\box132
)
(/usr/local/texlive/2022/texmf-dist/tex/generic/pgf/frontendlayer/tikz/librarie
s/tikzlibrarycalc.code.tex
File: tikzlibrarycalc.code.tex 2021/05/15 v3.1.9a (3.1.9a)
)
(/usr/local/texlive/2022/texmf-dist/tex/latex/pgf-blur/tikzlibraryshadows.blur.
code.tex  v1.02, 2012/12/09
(/usr/local/texlive/2022/texmf-dist/tex/generic/pgf/frontendlayer/tikz/librarie
s/tikzlibraryshadows.code.tex
File: tikzlibraryshadows.code.tex 2021/05/15 v3.1.9a (3.1.9a)
)
\pgfbs@fading@count=\count367
)
Package hyperref Info: Option `colorlinks' set `true' on input line 153.
Package hyperref Info: Option `breaklinks' set `true' on input line 153.
 (./final.aux)
\openout1 = `final.aux'.

LaTeX Font Info:    Checking defaults for OML/cmm/m/it on input line 191.
LaTeX Font Info:    ... okay on input line 191.
LaTeX Font Info:    Checking defaults for OMS/cmsy/m/n on input line 191.
LaTeX Font Info:    ... okay on input line 191.
LaTeX Font Info:    Checking defaults for OT1/cmr/m/n on input line 191.
LaTeX Font Info:    ... okay on input line 191.
LaTeX Font Info:    Checking defaults for T1/cmr/m/n on input line 191.
LaTeX Font Info:    ... okay on input line 191.
LaTeX Font Info:    Checking defaults for TS1/cmr/m/n on input line 191.
LaTeX Font Info:    Trying to load font information for TS1+cmr on input line 1
91.

(/usr/local/texlive/2022/texmf-dist/tex/latex/base/ts1cmr.fd
File: ts1cmr.fd 2019/12/16 v2.5j Standard LaTeX font definitions
)
LaTeX Font Info:    ... okay on input line 191.
LaTeX Font Info:    Checking defaults for TU/lmr/m/n on input line 191.
LaTeX Font Info:    ... okay on input line 191.
LaTeX Font Info:    Checking defaults for OMX/cmex/m/n on input line 191.
LaTeX Font Info:    ... okay on input line 191.
LaTeX Font Info:    Checking defaults for U/cmr/m/n on input line 191.
LaTeX Font Info:    ... okay on input line 191.
LaTeX Font Info:    Checking defaults for PD1/pdf/m/n on input line 191.
LaTeX Font Info:    ... okay on input line 191.
LaTeX Font Info:    Checking defaults for PU/pdf/m/n on input line 191.
LaTeX Font Info:    ... okay on input line 191.

Package fontspec Info: Adjusting the maths setup (use [no-math] to avoid
(fontspec)             this).

\symlegacymaths=\mathgroup6
LaTeX Font Info:    Overwriting symbol font `legacymaths' in version `bold'
(Font)                  OT1/cmr/m/n --> OT1/cmr/bx/n on input line 191.
LaTeX Font Info:    Redeclaring math accent \acute on input line 191.
LaTeX Font Info:    Redeclaring math accent \grave on input line 191.
LaTeX Font Info:    Redeclaring math accent \ddot on input line 191.
LaTeX Font Info:    Redeclaring math accent \tilde on input line 191.
LaTeX Font Info:    Redeclaring math accent \bar on input line 191.
LaTeX Font Info:    Redeclaring math accent \breve on input line 191.
LaTeX Font Info:    Redeclaring math accent \check on input line 191.
LaTeX Font Info:    Redeclaring math accent \hat on input line 191.
LaTeX Font Info:    Redeclaring math accent \dot on input line 191.
LaTeX Font Info:    Redeclaring math accent \mathring on input line 191.
LaTeX Font Info:    Redeclaring math symbol \Gamma on input line 191.
LaTeX Font Info:    Redeclaring math symbol \Delta on input line 191.
LaTeX Font Info:    Redeclaring math symbol \Theta on input line 191.
LaTeX Font Info:    Redeclaring math symbol \Lambda on input line 191.
LaTeX Font Info:    Redeclaring math symbol \Xi on input line 191.
LaTeX Font Info:    Redeclaring math symbol \Pi on input line 191.
LaTeX Font Info:    Redeclaring math symbol \Sigma on input line 191.
LaTeX Font Info:    Redeclaring math symbol \Upsilon on input line 191.
LaTeX Font Info:    Redeclaring math symbol \Phi on input line 191.
LaTeX Font Info:    Redeclaring math symbol \Psi on input line 191.
LaTeX Font Info:    Redeclaring math symbol \Omega on input line 191.
LaTeX Font Info:    Redeclaring math symbol \mathdollar on input line 191.
LaTeX Font Info:    Redeclaring symbol font `operators' on input line 191.
LaTeX Font Info:    Encoding `OT1' has changed to `TU' for symbol font
(Font)              `operators' in the math version `normal' on input line 191.

LaTeX Font Info:    Overwriting symbol font `operators' in version `normal'
(Font)                  OT1/cmr/m/n --> TU/TeXGyrePagella(0)/m/n on input line 
191.
LaTeX Font Info:    Encoding `OT1' has changed to `TU' for symbol font
(Font)              `operators' in the math version `bold' on input line 191.
LaTeX Font Info:    Overwriting symbol font `operators' in version `bold'
(Font)                  OT1/cmr/bx/n --> TU/TeXGyrePagella(0)/m/n on input line
 191.
LaTeX Font Info:    Overwriting symbol font `operators' in version `normal'
(Font)                  TU/TeXGyrePagella(0)/m/n --> TU/TeXGyrePagella(0)/m/n o
n input line 191.
LaTeX Font Info:    Overwriting math alphabet `\mathit' in version `normal'
(Font)                  OT1/cmr/m/it --> TU/TeXGyrePagella(0)/m/it on input lin
e 191.
LaTeX Font Info:    Overwriting math alphabet `\mathbf' in version `normal'
(Font)                  OT1/cmr/bx/n --> TU/TeXGyrePagella(0)/b/n on input line
 191.
LaTeX Font Info:    Overwriting math alphabet `\mathsf' in version `normal'
(Font)                  OT1/cmss/m/n --> TU/TeXGyreHeros(0)/m/n on input line 1
91.
LaTeX Font Info:    Overwriting math alphabet `\mathtt' in version `normal'
(Font)                  OT1/cmtt/m/n --> TU/TeXGyreCursor(0)/m/n on input line 
191.
LaTeX Font Info:    Overwriting symbol font `operators' in version `bold'
(Font)                  TU/TeXGyrePagella(0)/m/n --> TU/TeXGyrePagella(0)/b/n o
n input line 191.
LaTeX Font Info:    Overwriting math alphabet `\mathit' in version `bold'
(Font)                  OT1/cmr/bx/it --> TU/TeXGyrePagella(0)/b/it on input li
ne 191.
LaTeX Font Info:    Overwriting math alphabet `\mathsf' in version `bold'
(Font)                  OT1/cmss/bx/n --> TU/TeXGyreHeros(0)/b/n on input line 
191.
LaTeX Font Info:    Overwriting math alphabet `\mathtt' in version `bold'
(Font)                  OT1/cmtt/m/n --> TU/TeXGyreCursor(0)/b/n on input line 
191.

*geometry* driver: auto-detecting
*geometry* detected driver: xetex
*geometry* verbose mode - [ preamble ] result:
* driver: xetex
* paper: a4paper
* layout: <same size as paper>
* layoutoffset:(h,v)=(0.0pt,0.0pt)
* modes: 
* h-part:(L,W,R)=(56.9055pt, 483.69687pt, 56.9055pt)
* v-part:(T,H,B)=(48.36958pt, 745.46222pt, 51.21504pt)
* \paperwidth=597.50787pt
* \paperheight=845.04684pt
* \textwidth=483.69687pt
* \textheight=745.46222pt
* \oddsidemargin=-15.36449pt
* \evensidemargin=-15.36449pt
* \topmargin=-60.9004pt
* \headheight=12.0pt
* \headsep=25.0pt
* \topskip=10.0pt
* \footskip=30.0pt
* \marginparwidth=57.0pt
* \marginparsep=11.0pt
* \columnsep=10.0pt
* \skip\footins=9.0pt plus 4.0pt minus 2.0pt
* \hoffset=0.0pt
* \voffset=0.0pt
* \mag=1000
* \@twocolumnfalse
* \@twosidefalse
* \@mparswitchfalse
* \@reversemarginfalse
* (1in=72.27pt=25.4mm, 1cm=28.453pt)

LaTeX Info: Redefining \microtypecontext on input line 191.
Package microtype Info: Applying patch `item' on input line 191.
Package microtype Info: Applying patch `toc' on input line 191.
Package microtype Info: Applying patch `eqnum' on input line 191.
Package microtype Info: Applying patch `footnote' on input line 191.
Package microtype Info: Character protrusion enabled (level 2).
Package microtype Info: Using default protrusion set `alltext'.
Package microtype Info: No adjustment of tracking.
Package microtype Info: No adjustment of spacing.
Package microtype Info: No adjustment of kerning.
(/usr/local/texlive/2022/texmf-dist/tex/latex/microtype/mt-Palatino.cfg
File: mt-Palatino.cfg 2012/03/10 v1.0 microtype config. file: Palatino and simi
lar fonts (LBD)
)
Package microtype Info: Character `Ǟ' is missing
(microtype)             in font `\TU/TeXGyrePagella(0)/m/n/10'.
(microtype)             Ignoring protrusion settings for this character.
Package microtype Info: Character `Ǡ' is missing
(microtype)             in font `\TU/TeXGyrePagella(0)/m/n/10'.
(microtype)             Ignoring protrusion settings for this character.
Package microtype Info: Character `Ȧ' is missing
(microtype)             in font `\TU/TeXGyrePagella(0)/m/n/10'.
(microtype)             Ignoring protrusion settings for this character.
Package microtype Info: Character `Ȃ' is missing
(microtype)             in font `\TU/TeXGyrePagella(0)/m/n/10'.
(microtype)             Ignoring protrusion settings for this character.
Package microtype Info: Character `Ḁ' is missing
(microtype)             in font `\TU/TeXGyrePagella(0)/m/n/10'.
(microtype)             Ignoring protrusion settings for this character.
Package microtype Info: Character `Ꜳ' is missing
(microtype)             in font `\TU/TeXGyrePagella(0)/m/n/10'.
(microtype)             Ignoring protrusion settings for this character.
Package microtype Info: Character `Ḃ' is missing
(microtype)             in font `\TU/TeXGyrePagella(0)/m/n/10'.
(microtype)             Ignoring protrusion settings for this character.
Package microtype Info: Character `Ḅ' is missing
(microtype)             in font `\TU/TeXGyrePagella(0)/m/n/10'.
(microtype)             Ignoring protrusion settings for this character.
Package microtype Info: Character `Ḇ' is missing
(microtype)             in font `\TU/TeXGyrePagella(0)/m/n/10'.
(microtype)             Ignoring protrusion settings for this character.
Package microtype Info: Character `Ḉ' is missing
(microtype)             in font `\TU/TeXGyrePagella(0)/m/n/10'.
(microtype)             Ignoring protrusion settings for this character.
Package microtype Info: Character `Ḋ' is missing
(microtype)             in font `\TU/TeXGyrePagella(0)/m/n/10'.
(microtype)             Ignoring protrusion settings for this character.
Package microtype Info: Character `Ḑ' is missing
(microtype)             in font `\TU/TeXGyrePagella(0)/m/n/10'.
(microtype)             Ignoring protrusion settings for this character.
Package microtype Info: Character `Ḓ' is missing
(microtype)             in font `\TU/TeXGyrePagella(0)/m/n/10'.
(microtype)             Ignoring protrusion settings for this character.
Package microtype Info: Character `Ȩ' is missing
(microtype)             in font `\TU/TeXGyrePagella(0)/m/n/10'.
(microtype)             Ignoring protrusion settings for this character.
Package microtype Info: Character `Ȇ' is missing
(microtype)             in font `\TU/TeXGyrePagella(0)/m/n/10'.
(microtype)             Ignoring protrusion settings for this character.
Package microtype Info: Character `Ḕ' is missing
(microtype)             in font `\TU/TeXGyrePagella(0)/m/n/10'.
(microtype)             Ignoring protrusion settings for this character.
Package microtype Info: Character `Ḗ' is missing
(microtype)             in font `\TU/TeXGyrePagella(0)/m/n/10'.
(microtype)             Ignoring protrusion settings for this character.
Package microtype Info: Character `Ḙ' is missing
(microtype)             in font `\TU/TeXGyrePagella(0)/m/n/10'.
(microtype)             Ignoring protrusion settings for this character.
Package microtype Info: Character `Ḛ' is missing
(microtype)             in font `\TU/TeXGyrePagella(0)/m/n/10'.
(microtype)             Ignoring protrusion settings for this character.
Package microtype Info: Character `Ḝ' is missing
(microtype)             in font `\TU/TeXGyrePagella(0)/m/n/10'.
(microtype)             Ignoring protrusion settings for this character.
Package microtype Info: Character `Ḟ' is missing
(microtype)             in font `\TU/TeXGyrePagella(0)/m/n/10'.
(microtype)             Ignoring protrusion settings for this character.
Package microtype Info: Character `Ḡ' is missing
(microtype)             in font `\TU/TeXGyrePagella(0)/m/n/10'.
(microtype)             Ignoring protrusion settings for this character.
Package microtype Info: Character `Ȟ' is missing
(microtype)             in font `\TU/TeXGyrePagella(0)/m/n/10'.
(microtype)             Ignoring protrusion settings for this character.
Package microtype Info: Character `Ḣ' is missing
(microtype)             in font `\TU/TeXGyrePagella(0)/m/n/10'.
(microtype)             Ignoring protrusion settings for this character.
Package microtype Info: Character `Ḩ' is missing
(microtype)             in font `\TU/TeXGyrePagella(0)/m/n/10'.
(microtype)             Ignoring protrusion settings for this character.
Package microtype Info: Character `Ȋ' is missing
(microtype)             in font `\TU/TeXGyrePagella(0)/m/n/10'.
(microtype)             Ignoring protrusion settings for this character.
Package microtype Info: Character `Ḭ' is missing
(microtype)             in font `\TU/TeXGyrePagella(0)/m/n/10'.
(microtype)             Ignoring protrusion settings for this character.
Package microtype Info: Character `Ǩ' is missing
(microtype)             in font `\TU/TeXGyrePagella(0)/m/n/10'.
(microtype)             Ignoring protrusion settings for this character.
Package microtype Info: Character `Ḱ' is missing
(microtype)             in font `\TU/TeXGyrePagella(0)/m/n/10'.
(microtype)             Ignoring protrusion settings for this character.
Package microtype Info: Character `Ḳ' is missing
(microtype)             in font `\TU/TeXGyrePagella(0)/m/n/10'.
(microtype)             Ignoring protrusion settings for this character.
Package microtype Info: Character `Ḵ' is missing
(microtype)             in font `\TU/TeXGyrePagella(0)/m/n/10'.
(microtype)             Ignoring protrusion settings for this character.
Package microtype Info: Character `Ḻ' is missing
(microtype)             in font `\TU/TeXGyrePagella(0)/m/n/10'.
(microtype)             Ignoring protrusion settings for this character.
Package microtype Info: Character `Ḽ' is missing
(microtype)             in font `\TU/TeXGyrePagella(0)/m/n/10'.
(microtype)             Ignoring protrusion settings for this character.
Package microtype Info: Character `Ỻ' is missing
(microtype)             in font `\TU/TeXGyrePagella(0)/m/n/10'.
(microtype)             Ignoring protrusion settings for this character.
Package microtype Info: Character `Ḿ' is missing
(microtype)             in font `\TU/TeXGyrePagella(0)/m/n/10'.
(microtype)             Ignoring protrusion settings for this character.
Package microtype Info: Character `Ṁ' is missing
(microtype)             in font `\TU/TeXGyrePagella(0)/m/n/10'.
(microtype)             Ignoring protrusion settings for this character.
Package microtype Info: Character `Ǹ' is missing
(microtype)             in font `\TU/TeXGyrePagella(0)/m/n/10'.
(microtype)             Ignoring protrusion settings for this character.
Package microtype Info: Character `Ṉ' is missing
(microtype)             in font `\TU/TeXGyrePagella(0)/m/n/10'.
(microtype)             Ignoring protrusion settings for this character.
Package microtype Info: Character `Ṋ' is missing
(microtype)             in font `\TU/TeXGyrePagella(0)/m/n/10'.
(microtype)             Ignoring protrusion settings for this character.
Package microtype Info: Character `Ǭ' is missing
(microtype)             in font `\TU/TeXGyrePagella(0)/m/n/10'.
(microtype)             Ignoring protrusion settings for this character.
Package microtype Info: Character `Ȏ' is missing
(microtype)             in font `\TU/TeXGyrePagella(0)/m/n/10'.
(microtype)             Ignoring protrusion settings for this character.
Package microtype Info: Character `Ȫ' is missing
(microtype)             in font `\TU/TeXGyrePagella(0)/m/n/10'.
(microtype)             Ignoring protrusion settings for this character.
Package microtype Info: Character `Ȭ' is missing
(microtype)             in font `\TU/TeXGyrePagella(0)/m/n/10'.
(microtype)             Ignoring protrusion settings for this character.
Package microtype Info: Character `Ȯ' is missing
(microtype)             in font `\TU/TeXGyrePagella(0)/m/n/10'.
(microtype)             Ignoring protrusion settings for this character.
Package microtype Info: Character `Ȱ' is missing
(microtype)             in font `\TU/TeXGyrePagella(0)/m/n/10'.
(microtype)             Ignoring protrusion settings for this character.
Package microtype Info: Character `Ṍ' is missing
(microtype)             in font `\TU/TeXGyrePagella(0)/m/n/10'.
(microtype)             Ignoring protrusion settings for this character.
Package microtype Info: Character `Ṏ' is missing
(microtype)             in font `\TU/TeXGyrePagella(0)/m/n/10'.
(microtype)             Ignoring protrusion settings for this character.
Package microtype Info: Character `Ṑ' is missing
(microtype)             in font `\TU/TeXGyrePagella(0)/m/n/10'.
(microtype)             Ignoring protrusion settings for this character.
Package microtype Info: Character `Ṓ' is missing
(microtype)             in font `\TU/TeXGyrePagella(0)/m/n/10'.
(microtype)             Ignoring protrusion settings for this character.
Package microtype Info: Character `Ṕ' is missing
(microtype)             in font `\TU/TeXGyrePagella(0)/m/n/10'.
(microtype)             Ignoring protrusion settings for this character.
Package microtype Info: Character `Ṗ' is missing
(microtype)             in font `\TU/TeXGyrePagella(0)/m/n/10'.
(microtype)             Ignoring protrusion settings for this character.
Package microtype Info: Character `Ȓ' is missing
(microtype)             in font `\TU/TeXGyrePagella(0)/m/n/10'.
(microtype)             Ignoring protrusion settings for this character.
Package microtype Info: Character `Ṟ' is missing
(microtype)             in font `\TU/TeXGyrePagella(0)/m/n/10'.
(microtype)             Ignoring protrusion settings for this character.
Package microtype Info: Character `Ṡ' is missing
(microtype)             in font `\TU/TeXGyrePagella(0)/m/n/10'.
(microtype)             Ignoring protrusion settings for this character.
Package microtype Info: Character `Ṥ' is missing
(microtype)             in font `\TU/TeXGyrePagella(0)/m/n/10'.
(microtype)             Ignoring protrusion settings for this character.
Package microtype Info: Character `Ṧ' is missing
(microtype)             in font `\TU/TeXGyrePagella(0)/m/n/10'.
(microtype)             Ignoring protrusion settings for this character.
Package microtype Info: Character `Ṩ' is missing
(microtype)             in font `\TU/TeXGyrePagella(0)/m/n/10'.
(microtype)             Ignoring protrusion settings for this character.
Package microtype Info: Character `Ṫ' is missing
(microtype)             in font `\TU/TeXGyrePagella(0)/m/n/10'.
(microtype)             Ignoring protrusion settings for this character.
Package microtype Info: Character `Ṱ' is missing
(microtype)             in font `\TU/TeXGyrePagella(0)/m/n/10'.
(microtype)             Ignoring protrusion settings for this character.
Package microtype Info: Character `Ǖ' is missing
(microtype)             in font `\TU/TeXGyrePagella(0)/m/n/10'.
(microtype)             Ignoring protrusion settings for this character.
Package microtype Info: Character `Ȗ' is missing
(microtype)             in font `\TU/TeXGyrePagella(0)/m/n/10'.
(microtype)             Ignoring protrusion settings for this character.
Package microtype Info: Character `Ṳ' is missing
(microtype)             in font `\TU/TeXGyrePagella(0)/m/n/10'.
(microtype)             Ignoring protrusion settings for this character.
Package microtype Info: Character `Ṵ' is missing
(microtype)             in font `\TU/TeXGyrePagella(0)/m/n/10'.
(microtype)             Ignoring protrusion settings for this character.
Package microtype Info: Character `Ṷ' is missing
(microtype)             in font `\TU/TeXGyrePagella(0)/m/n/10'.
(microtype)             Ignoring protrusion settings for this character.
Package microtype Info: Character `Ṹ' is missing
(microtype)             in font `\TU/TeXGyrePagella(0)/m/n/10'.
(microtype)             Ignoring protrusion settings for this character.
Package microtype Info: Character `Ṻ' is missing
(microtype)             in font `\TU/TeXGyrePagella(0)/m/n/10'.
(microtype)             Ignoring protrusion settings for this character.
Package microtype Info: Character `Ṽ' is missing
(microtype)             in font `\TU/TeXGyrePagella(0)/m/n/10'.
(microtype)             Ignoring protrusion settings for this character.
Package microtype Info: Character `Ṿ' is missing
(microtype)             in font `\TU/TeXGyrePagella(0)/m/n/10'.
(microtype)             Ignoring protrusion settings for this character.
Package microtype Info: Character `Ẇ' is missing
(microtype)             in font `\TU/TeXGyrePagella(0)/m/n/10'.
(microtype)             Ignoring protrusion settings for this character.
Package microtype Info: Character `Ẉ' is missing
(microtype)             in font `\TU/TeXGyrePagella(0)/m/n/10'.
(microtype)             Ignoring protrusion settings for this character.
Package microtype Info: Character `Ẋ' is missing
(microtype)             in font `\TU/TeXGyrePagella(0)/m/n/10'.
(microtype)             Ignoring protrusion settings for this character.
Package microtype Info: Character `Ẍ' is missing
(microtype)             in font `\TU/TeXGyrePagella(0)/m/n/10'.
(microtype)             Ignoring protrusion settings for this character.
Package microtype Info: Character `Ȳ' is missing
(microtype)             in font `\TU/TeXGyrePagella(0)/m/n/10'.
(microtype)             Ignoring protrusion settings for this character.
Package microtype Info: Character `Ẏ' is missing
(microtype)             in font `\TU/TeXGyrePagella(0)/m/n/10'.
(microtype)             Ignoring protrusion settings for this character.
Package microtype Info: Character `Ẑ' is missing
(microtype)             in font `\TU/TeXGyrePagella(0)/m/n/10'.
(microtype)             Ignoring protrusion settings for this character.
Package microtype Info: Character `Ẕ' is missing
(microtype)             in font `\TU/TeXGyrePagella(0)/m/n/10'.
(microtype)             Ignoring protrusion settings for this character.
Package microtype Info: Character `ǟ' is missing
(microtype)             in font `\TU/TeXGyrePagella(0)/m/n/10'.
(microtype)             Ignoring protrusion settings for this character.
Package microtype Info: Character `ǡ' is missing
(microtype)             in font `\TU/TeXGyrePagella(0)/m/n/10'.
(microtype)             Ignoring protrusion settings for this character.
Package microtype Info: Character `ȧ' is missing
(microtype)             in font `\TU/TeXGyrePagella(0)/m/n/10'.
(microtype)             Ignoring protrusion settings for this character.
Package microtype Info: Character `ȃ' is missing
(microtype)             in font `\TU/TeXGyrePagella(0)/m/n/10'.
(microtype)             Ignoring protrusion settings for this character.
Package microtype Info: Character `ḁ' is missing
(microtype)             in font `\TU/TeXGyrePagella(0)/m/n/10'.
(microtype)             Ignoring protrusion settings for this character.
Package microtype Info: Character `ḃ' is missing
(microtype)             in font `\TU/TeXGyrePagella(0)/m/n/10'.
(microtype)             Ignoring protrusion settings for this character.
Package microtype Info: Character `ḅ' is missing
(microtype)             in font `\TU/TeXGyrePagella(0)/m/n/10'.
(microtype)             Ignoring protrusion settings for this character.
Package microtype Info: Character `ḇ' is missing
(microtype)             in font `\TU/TeXGyrePagella(0)/m/n/10'.
(microtype)             Ignoring protrusion settings for this character.
Package microtype Info: Character `ḉ' is missing
(microtype)             in font `\TU/TeXGyrePagella(0)/m/n/10'.
(microtype)             Ignoring protrusion settings for this character.
Package microtype Info: Character `ḋ' is missing
(microtype)             in font `\TU/TeXGyrePagella(0)/m/n/10'.
(microtype)             Ignoring protrusion settings for this character.
Package microtype Info: Character `ḑ' is missing
(microtype)             in font `\TU/TeXGyrePagella(0)/m/n/10'.
(microtype)             Ignoring protrusion settings for this character.
Package microtype Info: Character `ḓ' is missing
(microtype)             in font `\TU/TeXGyrePagella(0)/m/n/10'.
(microtype)             Ignoring protrusion settings for this character.
Package microtype Info: Character `ȩ' is missing
(microtype)             in font `\TU/TeXGyrePagella(0)/m/n/10'.
(microtype)             Ignoring protrusion settings for this character.
Package microtype Info: Character `ȇ' is missing
(microtype)             in font `\TU/TeXGyrePagella(0)/m/n/10'.
(microtype)             Ignoring protrusion settings for this character.
Package microtype Info: Character `ḕ' is missing
(microtype)             in font `\TU/TeXGyrePagella(0)/m/n/10'.
(microtype)             Ignoring protrusion settings for this character.
Package microtype Info: Character `ḗ' is missing
(microtype)             in font `\TU/TeXGyrePagella(0)/m/n/10'.
(microtype)             Ignoring protrusion settings for this character.
Package microtype Info: Character `ḙ' is missing
(microtype)             in font `\TU/TeXGyrePagella(0)/m/n/10'.
(microtype)             Ignoring protrusion settings for this character.
Package microtype Info: Character `ḛ' is missing
(microtype)             in font `\TU/TeXGyrePagella(0)/m/n/10'.
(microtype)             Ignoring protrusion settings for this character.
Package microtype Info: Character `ḝ' is missing
(microtype)             in font `\TU/TeXGyrePagella(0)/m/n/10'.
(microtype)             Ignoring protrusion settings for this character.
Package microtype Info: Character `ḟ' is missing
(microtype)             in font `\TU/TeXGyrePagella(0)/m/n/10'.
(microtype)             Ignoring protrusion settings for this character.
Package microtype Info: Character `ḡ' is missing
(microtype)             in font `\TU/TeXGyrePagella(0)/m/n/10'.
(microtype)             Ignoring protrusion settings for this character.
Package microtype Info: Character `ȟ' is missing
(microtype)             in font `\TU/TeXGyrePagella(0)/m/n/10'.
(microtype)             Ignoring protrusion settings for this character.
Package microtype Info: Character `ḣ' is missing
(microtype)             in font `\TU/TeXGyrePagella(0)/m/n/10'.
(microtype)             Ignoring protrusion settings for this character.
Package microtype Info: Character `ḩ' is missing
(microtype)             in font `\TU/TeXGyrePagella(0)/m/n/10'.
(microtype)             Ignoring protrusion settings for this character.
Package microtype Info: Character `ẖ' is missing
(microtype)             in font `\TU/TeXGyrePagella(0)/m/n/10'.
(microtype)             Ignoring protrusion settings for this character.
Package microtype Info: Character `ḭ' is missing
(microtype)             in font `\TU/TeXGyrePagella(0)/m/n/10'.
(microtype)             Ignoring protrusion settings for this character.
Package microtype Info: Character `ȋ' is missing
(microtype)             in font `\TU/TeXGyrePagella(0)/m/n/10'.
(microtype)             Ignoring protrusion settings for this character.
Package microtype Info: Character `ǩ' is missing
(microtype)             in font `\TU/TeXGyrePagella(0)/m/n/10'.
(microtype)             Ignoring protrusion settings for this character.
Package microtype Info: Character `ḱ' is missing
(microtype)             in font `\TU/TeXGyrePagella(0)/m/n/10'.
(microtype)             Ignoring protrusion settings for this character.
Package microtype Info: Character `ḳ' is missing
(microtype)             in font `\TU/TeXGyrePagella(0)/m/n/10'.
(microtype)             Ignoring protrusion settings for this character.
Package microtype Info: Character `ḵ' is missing
(microtype)             in font `\TU/TeXGyrePagella(0)/m/n/10'.
(microtype)             Ignoring protrusion settings for this character.
Package microtype Info: Character `ḻ' is missing
(microtype)             in font `\TU/TeXGyrePagella(0)/m/n/10'.
(microtype)             Ignoring protrusion settings for this character.
Package microtype Info: Character `ḽ' is missing
(microtype)             in font `\TU/TeXGyrePagella(0)/m/n/10'.
(microtype)             Ignoring protrusion settings for this character.
Package microtype Info: Character `ḿ' is missing
(microtype)             in font `\TU/TeXGyrePagella(0)/m/n/10'.
(microtype)             Ignoring protrusion settings for this character.
Package microtype Info: Character `ṁ' is missing
(microtype)             in font `\TU/TeXGyrePagella(0)/m/n/10'.
(microtype)             Ignoring protrusion settings for this character.
Package microtype Info: Character `ǹ' is missing
(microtype)             in font `\TU/TeXGyrePagella(0)/m/n/10'.
(microtype)             Ignoring protrusion settings for this character.
Package microtype Info: Character `ṉ' is missing
(microtype)             in font `\TU/TeXGyrePagella(0)/m/n/10'.
(microtype)             Ignoring protrusion settings for this character.
Package microtype Info: Character `ṋ' is missing
(microtype)             in font `\TU/TeXGyrePagella(0)/m/n/10'.
(microtype)             Ignoring protrusion settings for this character.
Package microtype Info: Character `ǭ' is missing
(microtype)             in font `\TU/TeXGyrePagella(0)/m/n/10'.
(microtype)             Ignoring protrusion settings for this character.
Package microtype Info: Character `ȏ' is missing
(microtype)             in font `\TU/TeXGyrePagella(0)/m/n/10'.
(microtype)             Ignoring protrusion settings for this character.
Package microtype Info: Character `ȫ' is missing
(microtype)             in font `\TU/TeXGyrePagella(0)/m/n/10'.
(microtype)             Ignoring protrusion settings for this character.
Package microtype Info: Character `ȭ' is missing
(microtype)             in font `\TU/TeXGyrePagella(0)/m/n/10'.
(microtype)             Ignoring protrusion settings for this character.
Package microtype Info: Character `ȯ' is missing
(microtype)             in font `\TU/TeXGyrePagella(0)/m/n/10'.
(microtype)             Ignoring protrusion settings for this character.
Package microtype Info: Character `ȱ' is missing
(microtype)             in font `\TU/TeXGyrePagella(0)/m/n/10'.
(microtype)             Ignoring protrusion settings for this character.
Package microtype Info: Character `ṍ' is missing
(microtype)             in font `\TU/TeXGyrePagella(0)/m/n/10'.
(microtype)             Ignoring protrusion settings for this character.
Package microtype Info: Character `ṏ' is missing
(microtype)             in font `\TU/TeXGyrePagella(0)/m/n/10'.
(microtype)             Ignoring protrusion settings for this character.
Package microtype Info: Character `ṑ' is missing
(microtype)             in font `\TU/TeXGyrePagella(0)/m/n/10'.
(microtype)             Ignoring protrusion settings for this character.
Package microtype Info: Character `ṓ' is missing
(microtype)             in font `\TU/TeXGyrePagella(0)/m/n/10'.
(microtype)             Ignoring protrusion settings for this character.
Package microtype Info: Character `ṕ' is missing
(microtype)             in font `\TU/TeXGyrePagella(0)/m/n/10'.
(microtype)             Ignoring protrusion settings for this character.
Package microtype Info: Character `ṗ' is missing
(microtype)             in font `\TU/TeXGyrePagella(0)/m/n/10'.
(microtype)             Ignoring protrusion settings for this character.
Package microtype Info: Character `ȓ' is missing
(microtype)             in font `\TU/TeXGyrePagella(0)/m/n/10'.
(microtype)             Ignoring protrusion settings for this character.
Package microtype Info: Character `ṟ' is missing
(microtype)             in font `\TU/TeXGyrePagella(0)/m/n/10'.
(microtype)             Ignoring protrusion settings for this character.
Package microtype Info: Character `ṡ' is missing
(microtype)             in font `\TU/TeXGyrePagella(0)/m/n/10'.
(microtype)             Ignoring protrusion settings for this character.
Package microtype Info: Character `ṥ' is missing
(microtype)             in font `\TU/TeXGyrePagella(0)/m/n/10'.
(microtype)             Ignoring protrusion settings for this character.
Package microtype Info: Character `ṧ' is missing
(microtype)             in font `\TU/TeXGyrePagella(0)/m/n/10'.
(microtype)             Ignoring protrusion settings for this character.
Package microtype Info: Character `ṩ' is missing
(microtype)             in font `\TU/TeXGyrePagella(0)/m/n/10'.
(microtype)             Ignoring protrusion settings for this character.
Package microtype Info: Character `ṫ' is missing
(microtype)             in font `\TU/TeXGyrePagella(0)/m/n/10'.
(microtype)             Ignoring protrusion settings for this character.
Package microtype Info: Character `ṱ' is missing
(microtype)             in font `\TU/TeXGyrePagella(0)/m/n/10'.
(microtype)             Ignoring protrusion settings for this character.
Package microtype Info: Character `ǖ' is missing
(microtype)             in font `\TU/TeXGyrePagella(0)/m/n/10'.
(microtype)             Ignoring protrusion settings for this character.
Package microtype Info: Character `ȗ' is missing
(microtype)             in font `\TU/TeXGyrePagella(0)/m/n/10'.
(microtype)             Ignoring protrusion settings for this character.
Package microtype Info: Character `ṳ' is missing
(microtype)             in font `\TU/TeXGyrePagella(0)/m/n/10'.
(microtype)             Ignoring protrusion settings for this character.
Package microtype Info: Character `ṵ' is missing
(microtype)             in font `\TU/TeXGyrePagella(0)/m/n/10'.
(microtype)             Ignoring protrusion settings for this character.
Package microtype Info: Character `ṷ' is missing
(microtype)             in font `\TU/TeXGyrePagella(0)/m/n/10'.
(microtype)             Ignoring protrusion settings for this character.
Package microtype Info: Character `ṹ' is missing
(microtype)             in font `\TU/TeXGyrePagella(0)/m/n/10'.
(microtype)             Ignoring protrusion settings for this character.
Package microtype Info: Character `ṻ' is missing
(microtype)             in font `\TU/TeXGyrePagella(0)/m/n/10'.
(microtype)             Ignoring protrusion settings for this character.
Package microtype Info: Character `ṽ' is missing
(microtype)             in font `\TU/TeXGyrePagella(0)/m/n/10'.
(microtype)             Ignoring protrusion settings for this character.
Package microtype Info: Character `ṿ' is missing
(microtype)             in font `\TU/TeXGyrePagella(0)/m/n/10'.
(microtype)             Ignoring protrusion settings for this character.
Package microtype Info: Character `ẇ' is missing
(microtype)             in font `\TU/TeXGyrePagella(0)/m/n/10'.
(microtype)             Ignoring protrusion settings for this character.
Package microtype Info: Character `ẉ' is missing
(microtype)             in font `\TU/TeXGyrePagella(0)/m/n/10'.
(microtype)             Ignoring protrusion settings for this character.
Package microtype Info: Character `ẘ' is missing
(microtype)             in font `\TU/TeXGyrePagella(0)/m/n/10'.
(microtype)             Ignoring protrusion settings for this character.
Package microtype Info: Character `ẋ' is missing
(microtype)             in font `\TU/TeXGyrePagella(0)/m/n/10'.
(microtype)             Ignoring protrusion settings for this character.
Package microtype Info: Character `ẍ' is missing
(microtype)             in font `\TU/TeXGyrePagella(0)/m/n/10'.
(microtype)             Ignoring protrusion settings for this character.
Package microtype Info: Character `ȳ' is missing
(microtype)             in font `\TU/TeXGyrePagella(0)/m/n/10'.
(microtype)             Ignoring protrusion settings for this character.
Package microtype Info: Character `ẏ' is missing
(microtype)             in font `\TU/TeXGyrePagella(0)/m/n/10'.
(microtype)             Ignoring protrusion settings for this character.
Package microtype Info: Character `ẙ' is missing
(microtype)             in font `\TU/TeXGyrePagella(0)/m/n/10'.
(microtype)             Ignoring protrusion settings for this character.
Package microtype Info: Character `ẑ' is missing
(microtype)             in font `\TU/TeXGyrePagella(0)/m/n/10'.
(microtype)             Ignoring protrusion settings for this character.
Package microtype Info: Character `ẕ' is missing
(microtype)             in font `\TU/TeXGyrePagella(0)/m/n/10'.
(microtype)             Ignoring protrusion settings for this character.
Package microtype Info: Character `ﬆ' is missing
(microtype)             in font `\TU/TeXGyrePagella(0)/m/n/10'.
(microtype)             Ignoring protrusion settings for this character.
Package microtype Info: Character `ﬅ' is missing
(microtype)             in font `\TU/TeXGyrePagella(0)/m/n/10'.
(microtype)             Ignoring protrusion settings for this character.
Package microtype Info: Character `‥' is missing
(microtype)             in font `\TU/TeXGyrePagella(0)/m/n/10'.
(microtype)             Ignoring protrusion settings for this character.
Package microtype Info: Character `‼' is missing
(microtype)             in font `\TU/TeXGyrePagella(0)/m/n/10'.
(microtype)             Ignoring protrusion settings for this character.
Package microtype Info: Character `⁰' is missing
(microtype)             in font `\TU/TeXGyrePagella(0)/m/n/10'.
(microtype)             Ignoring protrusion settings for this character.
Package microtype Info: Character `⁴' is missing
(microtype)             in font `\TU/TeXGyrePagella(0)/m/n/10'.
(microtype)             Ignoring protrusion settings for this character.
Package microtype Info: Character `⁵' is missing
(microtype)             in font `\TU/TeXGyrePagella(0)/m/n/10'.
(microtype)             Ignoring protrusion settings for this character.
Package microtype Info: Character `⁶' is missing
(microtype)             in font `\TU/TeXGyrePagella(0)/m/n/10'.
(microtype)             Ignoring protrusion settings for this character.
Package microtype Info: Character `⁷' is missing
(microtype)             in font `\TU/TeXGyrePagella(0)/m/n/10'.
(microtype)             Ignoring protrusion settings for this character.
Package microtype Info: Character `⁸' is missing
(microtype)             in font `\TU/TeXGyrePagella(0)/m/n/10'.
(microtype)             Ignoring protrusion settings for this character.
Package microtype Info: Character `⁹' is missing
(microtype)             in font `\TU/TeXGyrePagella(0)/m/n/10'.
(microtype)             Ignoring protrusion settings for this character.
Package microtype Info: Character `₀' is missing
(microtype)             in font `\TU/TeXGyrePagella(0)/m/n/10'.
(microtype)             Ignoring protrusion settings for this character.
Package microtype Info: Character `₁' is missing
(microtype)             in font `\TU/TeXGyrePagella(0)/m/n/10'.
(microtype)             Ignoring protrusion settings for this character.
Package microtype Info: Character `₂' is missing
(microtype)             in font `\TU/TeXGyrePagella(0)/m/n/10'.
(microtype)             Ignoring protrusion settings for this character.
Package microtype Info: Character `₃' is missing
(microtype)             in font `\TU/TeXGyrePagella(0)/m/n/10'.
(microtype)             Ignoring protrusion settings for this character.
Package microtype Info: Character `₄' is missing
(microtype)             in font `\TU/TeXGyrePagella(0)/m/n/10'.
(microtype)             Ignoring protrusion settings for this character.
Package microtype Info: Character `₅' is missing
(microtype)             in font `\TU/TeXGyrePagella(0)/m/n/10'.
(microtype)             Ignoring protrusion settings for this character.
Package microtype Info: Character `₆' is missing
(microtype)             in font `\TU/TeXGyrePagella(0)/m/n/10'.
(microtype)             Ignoring protrusion settings for this character.
Package microtype Info: Character `₇' is missing
(microtype)             in font `\TU/TeXGyrePagella(0)/m/n/10'.
(microtype)             Ignoring protrusion settings for this character.
Package microtype Info: Character `₈' is missing
(microtype)             in font `\TU/TeXGyrePagella(0)/m/n/10'.
(microtype)             Ignoring protrusion settings for this character.
Package microtype Info: Character `₉' is missing
(microtype)             in font `\TU/TeXGyrePagella(0)/m/n/10'.
(microtype)             Ignoring protrusion settings for this character.
Package microtype Info: Character `₊' is missing
(microtype)             in font `\TU/TeXGyrePagella(0)/m/n/10'.
(microtype)             Ignoring protrusion settings for this character.
Package microtype Info: Character `₋' is missing
(microtype)             in font `\TU/TeXGyrePagella(0)/m/n/10'.
(microtype)             Ignoring protrusion settings for this character.
Package microtype Info: Character `⁺' is missing
(microtype)             in font `\TU/TeXGyrePagella(0)/m/n/10'.
(microtype)             Ignoring protrusion settings for this character.
Package microtype Info: Character `⁻' is missing
(microtype)             in font `\TU/TeXGyrePagella(0)/m/n/10'.
(microtype)             Ignoring protrusion settings for this character.
Package caption Info: Begin \AtBeginDocument code.
Package caption Info: hyperref package is loaded.
Package caption Info: listings package is loaded.
Package caption Info: End \AtBeginDocument code.
\c@lstlisting=\count368
Package lastpage Info: Please have a look at the pageslts package at
(lastpage)             https://www.ctan.org/pkg/pageslts
(lastpage)             ! on input line 191.
Package hyperref Info: Link coloring ON on input line 191.

(/usr/local/texlive/2022/texmf-dist/tex/latex/hyperref/nameref.sty
Package: nameref 2021-04-02 v2.47 Cross-referencing by name of section

(/usr/local/texlive/2022/texmf-dist/tex/latex/refcount/refcount.sty
Package: refcount 2019/12/15 v3.6 Data extraction from label references (HO)
)
(/usr/local/texlive/2022/texmf-dist/tex/generic/gettitlestring/gettitlestring.s
ty
Package: gettitlestring 2019/12/15 v1.6 Cleanup title references (HO)
)
\c@section@level=\count369
)
LaTeX Info: Redefining \ref on input line 191.
LaTeX Info: Redefining \pageref on input line 191.
LaTeX Info: Redefining \nameref on input line 191.
 (./final.out) (./final.out)
\@outlinefile=\write4
\openout4 = `final.out'.

LaTeX Font Info:    Font shape `TU/TeXGyreHeros(0)/m/n' will be
(Font)              scaled to size 9.40002pt on input line 193.
Package microtype Info: Loading generic protrusion settings for font family
(microtype)             `TeXGyreHeros' (encoding: TU).
(microtype)             For optimal results, create family-specific settings.
(microtype)             See the microtype manual for details.
LaTeX Font Info:    Font shape `TU/TeXGyreHeros(0)/b/n' will be
(Font)              scaled to size 9.40002pt on input line 193.
LaTeX Font Info:    Font shape `TU/TeXGyreHeros(0)/b/n' will be
(Font)              scaled to size 13.53603pt on input line 193.
LaTeX Font Info:    Font shape `TU/TeXGyreHeros(0)/m/it' will be
(Font)              scaled to size 9.40002pt on input line 193.
LaTeX Font Info:    Font shape `TU/TeXGyreHeros(0)/m/n' will be
(Font)              scaled to size 8.46002pt on input line 193.
Package microtype Info: Character `ﬆ' is missing
(microtype)             in font `\TU/TeXGyrePagella(0)/m/n/9'.
(microtype)             Ignoring protrusion settings for this character.
Package microtype Info: Character `ﬅ' is missing
(microtype)             in font `\TU/TeXGyrePagella(0)/m/n/9'.
(microtype)             Ignoring protrusion settings for this character.
Package microtype Info: Character `‥' is missing
(microtype)             in font `\TU/TeXGyrePagella(0)/m/n/9'.
(microtype)             Ignoring protrusion settings for this character.
Package microtype Info: Character `‼' is missing
(microtype)             in font `\TU/TeXGyrePagella(0)/m/n/9'.
(microtype)             Ignoring protrusion settings for this character.
Package microtype Info: Character `⁰' is missing
(microtype)             in font `\TU/TeXGyrePagella(0)/m/n/9'.
(microtype)             Ignoring protrusion settings for this character.
Package microtype Info: Character `⁴' is missing
(microtype)             in font `\TU/TeXGyrePagella(0)/m/n/9'.
(microtype)             Ignoring protrusion settings for this character.
Package microtype Info: Character `⁵' is missing
(microtype)             in font `\TU/TeXGyrePagella(0)/m/n/9'.
(microtype)             Ignoring protrusion settings for this character.
Package microtype Info: Character `⁶' is missing
(microtype)             in font `\TU/TeXGyrePagella(0)/m/n/9'.
(microtype)             Ignoring protrusion settings for this character.
Package microtype Info: Character `⁷' is missing
(microtype)             in font `\TU/TeXGyrePagella(0)/m/n/9'.
(microtype)             Ignoring protrusion settings for this character.
Package microtype Info: Character `⁸' is missing
(microtype)             in font `\TU/TeXGyrePagella(0)/m/n/9'.
(microtype)             Ignoring protrusion settings for this character.
Package microtype Info: Character `⁹' is missing
(microtype)             in font `\TU/TeXGyrePagella(0)/m/n/9'.
(microtype)             Ignoring protrusion settings for this character.
Package microtype Info: Character `₀' is missing
(microtype)             in font `\TU/TeXGyrePagella(0)/m/n/9'.
(microtype)             Ignoring protrusion settings for this character.
Package microtype Info: Character `₁' is missing
(microtype)             in font `\TU/TeXGyrePagella(0)/m/n/9'.
(microtype)             Ignoring protrusion settings for this character.
Package microtype Info: Character `₂' is missing
(microtype)             in font `\TU/TeXGyrePagella(0)/m/n/9'.
(microtype)             Ignoring protrusion settings for this character.
Package microtype Info: Character `₃' is missing
(microtype)             in font `\TU/TeXGyrePagella(0)/m/n/9'.
(microtype)             Ignoring protrusion settings for this character.
Package microtype Info: Character `₄' is missing
(microtype)             in font `\TU/TeXGyrePagella(0)/m/n/9'.
(microtype)             Ignoring protrusion settings for this character.
Package microtype Info: Character `₅' is missing
(microtype)             in font `\TU/TeXGyrePagella(0)/m/n/9'.
(microtype)             Ignoring protrusion settings for this character.
Package microtype Info: Character `₆' is missing
(microtype)             in font `\TU/TeXGyrePagella(0)/m/n/9'.
(microtype)             Ignoring protrusion settings for this character.
Package microtype Info: Character `₇' is missing
(microtype)             in font `\TU/TeXGyrePagella(0)/m/n/9'.
(microtype)             Ignoring protrusion settings for this character.
Package microtype Info: Character `₈' is missing
(microtype)             in font `\TU/TeXGyrePagella(0)/m/n/9'.
(microtype)             Ignoring protrusion settings for this character.
Package microtype Info: Character `₉' is missing
(microtype)             in font `\TU/TeXGyrePagella(0)/m/n/9'.
(microtype)             Ignoring protrusion settings for this character.
Package microtype Info: Character `₊' is missing
(microtype)             in font `\TU/TeXGyrePagella(0)/m/n/9'.
(microtype)             Ignoring protrusion settings for this character.
Package microtype Info: Character `₋' is missing
(microtype)             in font `\TU/TeXGyrePagella(0)/m/n/9'.
(microtype)             Ignoring protrusion settings for this character.
Package microtype Info: Character `⁺' is missing
(microtype)             in font `\TU/TeXGyrePagella(0)/m/n/9'.
(microtype)             Ignoring protrusion settings for this character.
Package microtype Info: Character `⁻' is missing
(microtype)             in font `\TU/TeXGyrePagella(0)/m/n/9'.
(microtype)             Ignoring protrusion settings for this character.
Package microtype Info: Character `ﬆ' is missing
(microtype)             in font `\TU/TeXGyrePagella(0)/m/n/6'.
(microtype)             Ignoring protrusion settings for this character.
Package microtype Info: Character `ﬅ' is missing
(microtype)             in font `\TU/TeXGyrePagella(0)/m/n/6'.
(microtype)             Ignoring protrusion settings for this character.
Package microtype Info: Character `‥' is missing
(microtype)             in font `\TU/TeXGyrePagella(0)/m/n/6'.
(microtype)             Ignoring protrusion settings for this character.
Package microtype Info: Character `‼' is missing
(microtype)             in font `\TU/TeXGyrePagella(0)/m/n/6'.
(microtype)             Ignoring protrusion settings for this character.
Package microtype Info: Character `⁰' is missing
(microtype)             in font `\TU/TeXGyrePagella(0)/m/n/6'.
(microtype)             Ignoring protrusion settings for this character.
Package microtype Info: Character `⁴' is missing
(microtype)             in font `\TU/TeXGyrePagella(0)/m/n/6'.
(microtype)             Ignoring protrusion settings for this character.
Package microtype Info: Character `⁵' is missing
(microtype)             in font `\TU/TeXGyrePagella(0)/m/n/6'.
(microtype)             Ignoring protrusion settings for this character.
Package microtype Info: Character `⁶' is missing
(microtype)             in font `\TU/TeXGyrePagella(0)/m/n/6'.
(microtype)             Ignoring protrusion settings for this character.
Package microtype Info: Character `⁷' is missing
(microtype)             in font `\TU/TeXGyrePagella(0)/m/n/6'.
(microtype)             Ignoring protrusion settings for this character.
Package microtype Info: Character `⁸' is missing
(microtype)             in font `\TU/TeXGyrePagella(0)/m/n/6'.
(microtype)             Ignoring protrusion settings for this character.
Package microtype Info: Character `⁹' is missing
(microtype)             in font `\TU/TeXGyrePagella(0)/m/n/6'.
(microtype)             Ignoring protrusion settings for this character.
Package microtype Info: Character `₀' is missing
(microtype)             in font `\TU/TeXGyrePagella(0)/m/n/6'.
(microtype)             Ignoring protrusion settings for this character.
Package microtype Info: Character `₁' is missing
(microtype)             in font `\TU/TeXGyrePagella(0)/m/n/6'.
(microtype)             Ignoring protrusion settings for this character.
Package microtype Info: Character `₂' is missing
(microtype)             in font `\TU/TeXGyrePagella(0)/m/n/6'.
(microtype)             Ignoring protrusion settings for this character.
Package microtype Info: Character `₃' is missing
(microtype)             in font `\TU/TeXGyrePagella(0)/m/n/6'.
(microtype)             Ignoring protrusion settings for this character.
Package microtype Info: Character `₄' is missing
(microtype)             in font `\TU/TeXGyrePagella(0)/m/n/6'.
(microtype)             Ignoring protrusion settings for this character.
Package microtype Info: Character `₅' is missing
(microtype)             in font `\TU/TeXGyrePagella(0)/m/n/6'.
(microtype)             Ignoring protrusion settings for this character.
Package microtype Info: Character `₆' is missing
(microtype)             in font `\TU/TeXGyrePagella(0)/m/n/6'.
(microtype)             Ignoring protrusion settings for this character.
Package microtype Info: Character `₇' is missing
(microtype)             in font `\TU/TeXGyrePagella(0)/m/n/6'.
(microtype)             Ignoring protrusion settings for this character.
Package microtype Info: Character `₈' is missing
(microtype)             in font `\TU/TeXGyrePagella(0)/m/n/6'.
(microtype)             Ignoring protrusion settings for this character.
Package microtype Info: Character `₉' is missing
(microtype)             in font `\TU/TeXGyrePagella(0)/m/n/6'.
(microtype)             Ignoring protrusion settings for this character.
Package microtype Info: Character `₊' is missing
(microtype)             in font `\TU/TeXGyrePagella(0)/m/n/6'.
(microtype)             Ignoring protrusion settings for this character.
Package microtype Info: Character `₋' is missing
(microtype)             in font `\TU/TeXGyrePagella(0)/m/n/6'.
(microtype)             Ignoring protrusion settings for this character.
Package microtype Info: Character `⁺' is missing
(microtype)             in font `\TU/TeXGyrePagella(0)/m/n/6'.
(microtype)             Ignoring protrusion settings for this character.
Package microtype Info: Character `⁻' is missing
(microtype)             in font `\TU/TeXGyrePagella(0)/m/n/6'.
(microtype)             Ignoring protrusion settings for this character.
Package microtype Info: Character `ﬆ' is missing
(microtype)             in font `\TU/TeXGyrePagella(0)/m/n/5'.
(microtype)             Ignoring protrusion settings for this character.
Package microtype Info: Character `ﬅ' is missing
(microtype)             in font `\TU/TeXGyrePagella(0)/m/n/5'.
(microtype)             Ignoring protrusion settings for this character.
Package microtype Info: Character `‥' is missing
(microtype)             in font `\TU/TeXGyrePagella(0)/m/n/5'.
(microtype)             Ignoring protrusion settings for this character.
Package microtype Info: Character `‼' is missing
(microtype)             in font `\TU/TeXGyrePagella(0)/m/n/5'.
(microtype)             Ignoring protrusion settings for this character.
Package microtype Info: Character `⁰' is missing
(microtype)             in font `\TU/TeXGyrePagella(0)/m/n/5'.
(microtype)             Ignoring protrusion settings for this character.
Package microtype Info: Character `⁴' is missing
(microtype)             in font `\TU/TeXGyrePagella(0)/m/n/5'.
(microtype)             Ignoring protrusion settings for this character.
Package microtype Info: Character `⁵' is missing
(microtype)             in font `\TU/TeXGyrePagella(0)/m/n/5'.
(microtype)             Ignoring protrusion settings for this character.
Package microtype Info: Character `⁶' is missing
(microtype)             in font `\TU/TeXGyrePagella(0)/m/n/5'.
(microtype)             Ignoring protrusion settings for this character.
Package microtype Info: Character `⁷' is missing
(microtype)             in font `\TU/TeXGyrePagella(0)/m/n/5'.
(microtype)             Ignoring protrusion settings for this character.
Package microtype Info: Character `⁸' is missing
(microtype)             in font `\TU/TeXGyrePagella(0)/m/n/5'.
(microtype)             Ignoring protrusion settings for this character.
Package microtype Info: Character `⁹' is missing
(microtype)             in font `\TU/TeXGyrePagella(0)/m/n/5'.
(microtype)             Ignoring protrusion settings for this character.
Package microtype Info: Character `₀' is missing
(microtype)             in font `\TU/TeXGyrePagella(0)/m/n/5'.
(microtype)             Ignoring protrusion settings for this character.
Package microtype Info: Character `₁' is missing
(microtype)             in font `\TU/TeXGyrePagella(0)/m/n/5'.
(microtype)             Ignoring protrusion settings for this character.
Package microtype Info: Character `₂' is missing
(microtype)             in font `\TU/TeXGyrePagella(0)/m/n/5'.
(microtype)             Ignoring protrusion settings for this character.
Package microtype Info: Character `₃' is missing
(microtype)             in font `\TU/TeXGyrePagella(0)/m/n/5'.
(microtype)             Ignoring protrusion settings for this character.
Package microtype Info: Character `₄' is missing
(microtype)             in font `\TU/TeXGyrePagella(0)/m/n/5'.
(microtype)             Ignoring protrusion settings for this character.
Package microtype Info: Character `₅' is missing
(microtype)             in font `\TU/TeXGyrePagella(0)/m/n/5'.
(microtype)             Ignoring protrusion settings for this character.
Package microtype Info: Character `₆' is missing
(microtype)             in font `\TU/TeXGyrePagella(0)/m/n/5'.
(microtype)             Ignoring protrusion settings for this character.
Package microtype Info: Character `₇' is missing
(microtype)             in font `\TU/TeXGyrePagella(0)/m/n/5'.
(microtype)             Ignoring protrusion settings for this character.
Package microtype Info: Character `₈' is missing
(microtype)             in font `\TU/TeXGyrePagella(0)/m/n/5'.
(microtype)             Ignoring protrusion settings for this character.
Package microtype Info: Character `₉' is missing
(microtype)             in font `\TU/TeXGyrePagella(0)/m/n/5'.
(microtype)             Ignoring protrusion settings for this character.
Package microtype Info: Character `₊' is missing
(microtype)             in font `\TU/TeXGyrePagella(0)/m/n/5'.
(microtype)             Ignoring protrusion settings for this character.
Package microtype Info: Character `₋' is missing
(microtype)             in font `\TU/TeXGyrePagella(0)/m/n/5'.
(microtype)             Ignoring protrusion settings for this character.
Package microtype Info: Character `⁺' is missing
(microtype)             in font `\TU/TeXGyrePagella(0)/m/n/5'.
(microtype)             Ignoring protrusion settings for this character.
Package microtype Info: Character `⁻' is missing
(microtype)             in font `\TU/TeXGyrePagella(0)/m/n/5'.
(microtype)             Ignoring protrusion settings for this character.
LaTeX Font Info:    Trying to load font information for U+msa on input line 193
.

(/usr/local/texlive/2022/texmf-dist/tex/latex/amsfonts/umsa.fd
File: umsa.fd 2013/01/14 v3.01 AMS symbols A
)
(/usr/local/texlive/2022/texmf-dist/tex/latex/microtype/mt-msa.cfg
File: mt-msa.cfg 2006/02/04 v1.1 microtype config. file: AMS symbols (a) (RS)
)
LaTeX Font Info:    Trying to load font information for U+msb on input line 193
.

(/usr/local/texlive/2022/texmf-dist/tex/latex/amsfonts/umsb.fd
File: umsb.fd 2013/01/14 v3.01 AMS symbols B
)
(/usr/local/texlive/2022/texmf-dist/tex/latex/microtype/mt-msb.cfg
File: mt-msb.cfg 2005/06/01 v1.0 microtype config. file: AMS symbols (b) (RS)
)
(/usr/local/texlive/2022/texmf-dist/tex/latex/microtype/mt-cmr.cfg
File: mt-cmr.cfg 2013/05/19 v2.2 microtype config. file: Computer Modern Roman 
(RS)
)
LaTeX Font Info:    Font shape `TU/TeXGyreHeros(0)/m/n' will be
(Font)              scaled to size 6.58002pt on input line 193.
LaTeX Font Info:    Font shape `TU/TeXGyreHeros(0)/m/it' will be
(Font)              scaled to size 6.58002pt on input line 193.
Package microtype Info: Character `ﬆ' is missing
(microtype)             in font `\TU/TeXGyrePagella(0)/m/n/7'.
(microtype)             Ignoring protrusion settings for this character.
Package microtype Info: Character `ﬅ' is missing
(microtype)             in font `\TU/TeXGyrePagella(0)/m/n/7'.
(microtype)             Ignoring protrusion settings for this character.
Package microtype Info: Character `‥' is missing
(microtype)             in font `\TU/TeXGyrePagella(0)/m/n/7'.
(microtype)             Ignoring protrusion settings for this character.
Package microtype Info: Character `‼' is missing
(microtype)             in font `\TU/TeXGyrePagella(0)/m/n/7'.
(microtype)             Ignoring protrusion settings for this character.
Package microtype Info: Character `⁰' is missing
(microtype)             in font `\TU/TeXGyrePagella(0)/m/n/7'.
(microtype)             Ignoring protrusion settings for this character.
Package microtype Info: Character `⁴' is missing
(microtype)             in font `\TU/TeXGyrePagella(0)/m/n/7'.
(microtype)             Ignoring protrusion settings for this character.
Package microtype Info: Character `⁵' is missing
(microtype)             in font `\TU/TeXGyrePagella(0)/m/n/7'.
(microtype)             Ignoring protrusion settings for this character.
Package microtype Info: Character `⁶' is missing
(microtype)             in font `\TU/TeXGyrePagella(0)/m/n/7'.
(microtype)             Ignoring protrusion settings for this character.
Package microtype Info: Character `⁷' is missing
(microtype)             in font `\TU/TeXGyrePagella(0)/m/n/7'.
(microtype)             Ignoring protrusion settings for this character.
Package microtype Info: Character `⁸' is missing
(microtype)             in font `\TU/TeXGyrePagella(0)/m/n/7'.
(microtype)             Ignoring protrusion settings for this character.
Package microtype Info: Character `⁹' is missing
(microtype)             in font `\TU/TeXGyrePagella(0)/m/n/7'.
(microtype)             Ignoring protrusion settings for this character.
Package microtype Info: Character `₀' is missing
(microtype)             in font `\TU/TeXGyrePagella(0)/m/n/7'.
(microtype)             Ignoring protrusion settings for this character.
Package microtype Info: Character `₁' is missing
(microtype)             in font `\TU/TeXGyrePagella(0)/m/n/7'.
(microtype)             Ignoring protrusion settings for this character.
Package microtype Info: Character `₂' is missing
(microtype)             in font `\TU/TeXGyrePagella(0)/m/n/7'.
(microtype)             Ignoring protrusion settings for this character.
Package microtype Info: Character `₃' is missing
(microtype)             in font `\TU/TeXGyrePagella(0)/m/n/7'.
(microtype)             Ignoring protrusion settings for this character.
Package microtype Info: Character `₄' is missing
(microtype)             in font `\TU/TeXGyrePagella(0)/m/n/7'.
(microtype)             Ignoring protrusion settings for this character.
Package microtype Info: Character `₅' is missing
(microtype)             in font `\TU/TeXGyrePagella(0)/m/n/7'.
(microtype)             Ignoring protrusion settings for this character.
Package microtype Info: Character `₆' is missing
(microtype)             in font `\TU/TeXGyrePagella(0)/m/n/7'.
(microtype)             Ignoring protrusion settings for this character.
Package microtype Info: Character `₇' is missing
(microtype)             in font `\TU/TeXGyrePagella(0)/m/n/7'.
(microtype)             Ignoring protrusion settings for this character.
Package microtype Info: Character `₈' is missing
(microtype)             in font `\TU/TeXGyrePagella(0)/m/n/7'.
(microtype)             Ignoring protrusion settings for this character.
Package microtype Info: Character `₉' is missing
(microtype)             in font `\TU/TeXGyrePagella(0)/m/n/7'.
(microtype)             Ignoring protrusion settings for this character.
Package microtype Info: Character `₊' is missing
(microtype)             in font `\TU/TeXGyrePagella(0)/m/n/7'.
(microtype)             Ignoring protrusion settings for this character.
Package microtype Info: Character `₋' is missing
(microtype)             in font `\TU/TeXGyrePagella(0)/m/n/7'.
(microtype)             Ignoring protrusion settings for this character.
Package microtype Info: Character `⁺' is missing
(microtype)             in font `\TU/TeXGyrePagella(0)/m/n/7'.
(microtype)             Ignoring protrusion settings for this character.
Package microtype Info: Character `⁻' is missing
(microtype)             in font `\TU/TeXGyrePagella(0)/m/n/7'.
(microtype)             Ignoring protrusion settings for this character.
LaTeX Font Info:    Font shape `TU/TeXGyreHeros(0)/m/it' will be
(Font)              scaled to size 4.70001pt on input line 193.
LaTeX Font Info:    Font shape `TU/TeXGyreHeros(0)/b/n' will be
(Font)              scaled to size 8.46002pt on input line 198.
Package microtype Info: Character `‥' is missing
(microtype)             in font `\TU/TeXGyrePagella(0)/m/it/9'.
(microtype)             Ignoring protrusion settings for this character.
Package microtype Info: Character `⁰' is missing
(microtype)             in font `\TU/TeXGyrePagella(0)/m/it/9'.
(microtype)             Ignoring protrusion settings for this character.
Package microtype Info: Character `⁴' is missing
(microtype)             in font `\TU/TeXGyrePagella(0)/m/it/9'.
(microtype)             Ignoring protrusion settings for this character.
Package microtype Info: Character `⁵' is missing
(microtype)             in font `\TU/TeXGyrePagella(0)/m/it/9'.
(microtype)             Ignoring protrusion settings for this character.
Package microtype Info: Character `⁶' is missing
(microtype)             in font `\TU/TeXGyrePagella(0)/m/it/9'.
(microtype)             Ignoring protrusion settings for this character.
Package microtype Info: Character `⁷' is missing
(microtype)             in font `\TU/TeXGyrePagella(0)/m/it/9'.
(microtype)             Ignoring protrusion settings for this character.
Package microtype Info: Character `⁸' is missing
(microtype)             in font `\TU/TeXGyrePagella(0)/m/it/9'.
(microtype)             Ignoring protrusion settings for this character.
Package microtype Info: Character `⁹' is missing
(microtype)             in font `\TU/TeXGyrePagella(0)/m/it/9'.
(microtype)             Ignoring protrusion settings for this character.
Package microtype Info: Character `₀' is missing
(microtype)             in font `\TU/TeXGyrePagella(0)/m/it/9'.
(microtype)             Ignoring protrusion settings for this character.
Package microtype Info: Character `₁' is missing
(microtype)             in font `\TU/TeXGyrePagella(0)/m/it/9'.
(microtype)             Ignoring protrusion settings for this character.
Package microtype Info: Character `₂' is missing
(microtype)             in font `\TU/TeXGyrePagella(0)/m/it/9'.
(microtype)             Ignoring protrusion settings for this character.
Package microtype Info: Character `₃' is missing
(microtype)             in font `\TU/TeXGyrePagella(0)/m/it/9'.
(microtype)             Ignoring protrusion settings for this character.
Package microtype Info: Character `₄' is missing
(microtype)             in font `\TU/TeXGyrePagella(0)/m/it/9'.
(microtype)             Ignoring protrusion settings for this character.
Package microtype Info: Character `₅' is missing
(microtype)             in font `\TU/TeXGyrePagella(0)/m/it/9'.
(microtype)             Ignoring protrusion settings for this character.
Package microtype Info: Character `₆' is missing
(microtype)             in font `\TU/TeXGyrePagella(0)/m/it/9'.
(microtype)             Ignoring protrusion settings for this character.
Package microtype Info: Character `₇' is missing
(microtype)             in font `\TU/TeXGyrePagella(0)/m/it/9'.
(microtype)             Ignoring protrusion settings for this character.
Package microtype Info: Character `₈' is missing
(microtype)             in font `\TU/TeXGyrePagella(0)/m/it/9'.
(microtype)             Ignoring protrusion settings for this character.
Package microtype Info: Character `₉' is missing
(microtype)             in font `\TU/TeXGyrePagella(0)/m/it/9'.
(microtype)             Ignoring protrusion settings for this character.
Package microtype Info: Character `₊' is missing
(microtype)             in font `\TU/TeXGyrePagella(0)/m/it/9'.
(microtype)             Ignoring protrusion settings for this character.
Package microtype Info: Character `₋' is missing
(microtype)             in font `\TU/TeXGyrePagella(0)/m/it/9'.
(microtype)             Ignoring protrusion settings for this character.
Package microtype Info: Character `⁺' is missing
(microtype)             in font `\TU/TeXGyrePagella(0)/m/it/9'.
(microtype)             Ignoring protrusion settings for this character.
Package microtype Info: Character `⁻' is missing
(microtype)             in font `\TU/TeXGyrePagella(0)/m/it/9'.
(microtype)             Ignoring protrusion settings for this character.
Package microtype Info: Character `ﬆ' is missing
(microtype)             in font `\TU/TeXGyrePagella(0)/b/n/9'.
(microtype)             Ignoring protrusion settings for this character.
Package microtype Info: Character `ﬅ' is missing
(microtype)             in font `\TU/TeXGyrePagella(0)/b/n/9'.
(microtype)             Ignoring protrusion settings for this character.
Package microtype Info: Character `‥' is missing
(microtype)             in font `\TU/TeXGyrePagella(0)/b/n/9'.
(microtype)             Ignoring protrusion settings for this character.
Package microtype Info: Character `‼' is missing
(microtype)             in font `\TU/TeXGyrePagella(0)/b/n/9'.
(microtype)             Ignoring protrusion settings for this character.
Package microtype Info: Character `⁰' is missing
(microtype)             in font `\TU/TeXGyrePagella(0)/b/n/9'.
(microtype)             Ignoring protrusion settings for this character.
Package microtype Info: Character `⁴' is missing
(microtype)             in font `\TU/TeXGyrePagella(0)/b/n/9'.
(microtype)             Ignoring protrusion settings for this character.
Package microtype Info: Character `⁵' is missing
(microtype)             in font `\TU/TeXGyrePagella(0)/b/n/9'.
(microtype)             Ignoring protrusion settings for this character.
Package microtype Info: Character `⁶' is missing
(microtype)             in font `\TU/TeXGyrePagella(0)/b/n/9'.
(microtype)             Ignoring protrusion settings for this character.
Package microtype Info: Character `⁷' is missing
(microtype)             in font `\TU/TeXGyrePagella(0)/b/n/9'.
(microtype)             Ignoring protrusion settings for this character.
Package microtype Info: Character `⁸' is missing
(microtype)             in font `\TU/TeXGyrePagella(0)/b/n/9'.
(microtype)             Ignoring protrusion settings for this character.
Package microtype Info: Character `⁹' is missing
(microtype)             in font `\TU/TeXGyrePagella(0)/b/n/9'.
(microtype)             Ignoring protrusion settings for this character.
Package microtype Info: Character `₀' is missing
(microtype)             in font `\TU/TeXGyrePagella(0)/b/n/9'.
(microtype)             Ignoring protrusion settings for this character.
Package microtype Info: Character `₁' is missing
(microtype)             in font `\TU/TeXGyrePagella(0)/b/n/9'.
(microtype)             Ignoring protrusion settings for this character.
Package microtype Info: Character `₂' is missing
(microtype)             in font `\TU/TeXGyrePagella(0)/b/n/9'.
(microtype)             Ignoring protrusion settings for this character.
Package microtype Info: Character `₃' is missing
(microtype)             in font `\TU/TeXGyrePagella(0)/b/n/9'.
(microtype)             Ignoring protrusion settings for this character.
Package microtype Info: Character `₄' is missing
(microtype)             in font `\TU/TeXGyrePagella(0)/b/n/9'.
(microtype)             Ignoring protrusion settings for this character.
Package microtype Info: Character `₅' is missing
(microtype)             in font `\TU/TeXGyrePagella(0)/b/n/9'.
(microtype)             Ignoring protrusion settings for this character.
Package microtype Info: Character `₆' is missing
(microtype)             in font `\TU/TeXGyrePagella(0)/b/n/9'.
(microtype)             Ignoring protrusion settings for this character.
Package microtype Info: Character `₇' is missing
(microtype)             in font `\TU/TeXGyrePagella(0)/b/n/9'.
(microtype)             Ignoring protrusion settings for this character.
Package microtype Info: Character `₈' is missing
(microtype)             in font `\TU/TeXGyrePagella(0)/b/n/9'.
(microtype)             Ignoring protrusion settings for this character.
Package microtype Info: Character `₉' is missing
(microtype)             in font `\TU/TeXGyrePagella(0)/b/n/9'.
(microtype)             Ignoring protrusion settings for this character.
Package microtype Info: Character `₊' is missing
(microtype)             in font `\TU/TeXGyrePagella(0)/b/n/9'.
(microtype)             Ignoring protrusion settings for this character.
Package microtype Info: Character `₋' is missing
(microtype)             in font `\TU/TeXGyrePagella(0)/b/n/9'.
(microtype)             Ignoring protrusion settings for this character.
Package microtype Info: Character `⁺' is missing
(microtype)             in font `\TU/TeXGyrePagella(0)/b/n/9'.
(microtype)             Ignoring protrusion settings for this character.
Package microtype Info: Character `⁻' is missing
(microtype)             in font `\TU/TeXGyrePagella(0)/b/n/9'.
(microtype)             Ignoring protrusion settings for this character.
LaTeX Font Info:    Font shape `TU/TeXGyreCursor(0)/m/n' will be
(Font)              scaled to size 7.74pt on input line 206.
Package microtype Info: Loading generic protrusion settings for font family
(microtype)             `TeXGyreCursor' (encoding: TU).
(microtype)             For optimal results, create family-specific settings.
(microtype)             See the microtype manual for details.
LaTeX Font Info:    Font shape `TU/TeXGyreHeros(0)/m/n' will be
(Font)              scaled to size 11.28003pt on input line 225.
LaTeX Font Info:    Font shape `TU/TeXGyreHeros(0)/b/n' will be
(Font)              scaled to size 11.28003pt on input line 225.
Package microtype Info: Character `ﬆ' is missing
(microtype)             in font `\TU/TeXGyrePagella(0)/b/n/10'.
(microtype)             Ignoring protrusion settings for this character.
Package microtype Info: Character `ﬅ' is missing
(microtype)             in font `\TU/TeXGyrePagella(0)/b/n/10'.
(microtype)             Ignoring protrusion settings for this character.
Package microtype Info: Character `‥' is missing
(microtype)             in font `\TU/TeXGyrePagella(0)/b/n/10'.
(microtype)             Ignoring protrusion settings for this character.
Package microtype Info: Character `‼' is missing
(microtype)             in font `\TU/TeXGyrePagella(0)/b/n/10'.
(microtype)             Ignoring protrusion settings for this character.
Package microtype Info: Character `⁰' is missing
(microtype)             in font `\TU/TeXGyrePagella(0)/b/n/10'.
(microtype)             Ignoring protrusion settings for this character.
Package microtype Info: Character `⁴' is missing
(microtype)             in font `\TU/TeXGyrePagella(0)/b/n/10'.
(microtype)             Ignoring protrusion settings for this character.
Package microtype Info: Character `⁵' is missing
(microtype)             in font `\TU/TeXGyrePagella(0)/b/n/10'.
(microtype)             Ignoring protrusion settings for this character.
Package microtype Info: Character `⁶' is missing
(microtype)             in font `\TU/TeXGyrePagella(0)/b/n/10'.
(microtype)             Ignoring protrusion settings for this character.
Package microtype Info: Character `⁷' is missing
(microtype)             in font `\TU/TeXGyrePagella(0)/b/n/10'.
(microtype)             Ignoring protrusion settings for this character.
Package microtype Info: Character `⁸' is missing
(microtype)             in font `\TU/TeXGyrePagella(0)/b/n/10'.
(microtype)             Ignoring protrusion settings for this character.
Package microtype Info: Character `⁹' is missing
(microtype)             in font `\TU/TeXGyrePagella(0)/b/n/10'.
(microtype)             Ignoring protrusion settings for this character.
Package microtype Info: Character `₀' is missing
(microtype)             in font `\TU/TeXGyrePagella(0)/b/n/10'.
(microtype)             Ignoring protrusion settings for this character.
Package microtype Info: Character `₁' is missing
(microtype)             in font `\TU/TeXGyrePagella(0)/b/n/10'.
(microtype)             Ignoring protrusion settings for this character.
Package microtype Info: Character `₂' is missing
(microtype)             in font `\TU/TeXGyrePagella(0)/b/n/10'.
(microtype)             Ignoring protrusion settings for this character.
Package microtype Info: Character `₃' is missing
(microtype)             in font `\TU/TeXGyrePagella(0)/b/n/10'.
(microtype)             Ignoring protrusion settings for this character.
Package microtype Info: Character `₄' is missing
(microtype)             in font `\TU/TeXGyrePagella(0)/b/n/10'.
(microtype)             Ignoring protrusion settings for this character.
Package microtype Info: Character `₅' is missing
(microtype)             in font `\TU/TeXGyrePagella(0)/b/n/10'.
(microtype)             Ignoring protrusion settings for this character.
Package microtype Info: Character `₆' is missing
(microtype)             in font `\TU/TeXGyrePagella(0)/b/n/10'.
(microtype)             Ignoring protrusion settings for this character.
Package microtype Info: Character `₇' is missing
(microtype)             in font `\TU/TeXGyrePagella(0)/b/n/10'.
(microtype)             Ignoring protrusion settings for this character.
Package microtype Info: Character `₈' is missing
(microtype)             in font `\TU/TeXGyrePagella(0)/b/n/10'.
(microtype)             Ignoring protrusion settings for this character.
Package microtype Info: Character `₉' is missing
(microtype)             in font `\TU/TeXGyrePagella(0)/b/n/10'.
(microtype)             Ignoring protrusion settings for this character.
Package microtype Info: Character `₊' is missing
(microtype)             in font `\TU/TeXGyrePagella(0)/b/n/10'.
(microtype)             Ignoring protrusion settings for this character.
Package microtype Info: Character `₋' is missing
(microtype)             in font `\TU/TeXGyrePagella(0)/b/n/10'.
(microtype)             Ignoring protrusion settings for this character.
Package microtype Info: Character `⁺' is missing
(microtype)             in font `\TU/TeXGyrePagella(0)/b/n/10'.
(microtype)             Ignoring protrusion settings for this character.
Package microtype Info: Character `⁻' is missing
(microtype)             in font `\TU/TeXGyrePagella(0)/b/n/10'.
(microtype)             Ignoring protrusion settings for this character.
Package microtype Info: Character `‥' is missing
(microtype)             in font `\TU/TeXGyrePagella(0)/m/it/10'.
(microtype)             Ignoring protrusion settings for this character.
Package microtype Info: Character `⁰' is missing
(microtype)             in font `\TU/TeXGyrePagella(0)/m/it/10'.
(microtype)             Ignoring protrusion settings for this character.
Package microtype Info: Character `⁴' is missing
(microtype)             in font `\TU/TeXGyrePagella(0)/m/it/10'.
(microtype)             Ignoring protrusion settings for this character.
Package microtype Info: Character `⁵' is missing
(microtype)             in font `\TU/TeXGyrePagella(0)/m/it/10'.
(microtype)             Ignoring protrusion settings for this character.
Package microtype Info: Character `⁶' is missing
(microtype)             in font `\TU/TeXGyrePagella(0)/m/it/10'.
(microtype)             Ignoring protrusion settings for this character.
Package microtype Info: Character `⁷' is missing
(microtype)             in font `\TU/TeXGyrePagella(0)/m/it/10'.
(microtype)             Ignoring protrusion settings for this character.
Package microtype Info: Character `⁸' is missing
(microtype)             in font `\TU/TeXGyrePagella(0)/m/it/10'.
(microtype)             Ignoring protrusion settings for this character.
Package microtype Info: Character `⁹' is missing
(microtype)             in font `\TU/TeXGyrePagella(0)/m/it/10'.
(microtype)             Ignoring protrusion settings for this character.
Package microtype Info: Character `₀' is missing
(microtype)             in font `\TU/TeXGyrePagella(0)/m/it/10'.
(microtype)             Ignoring protrusion settings for this character.
Package microtype Info: Character `₁' is missing
(microtype)             in font `\TU/TeXGyrePagella(0)/m/it/10'.
(microtype)             Ignoring protrusion settings for this character.
Package microtype Info: Character `₂' is missing
(microtype)             in font `\TU/TeXGyrePagella(0)/m/it/10'.
(microtype)             Ignoring protrusion settings for this character.
Package microtype Info: Character `₃' is missing
(microtype)             in font `\TU/TeXGyrePagella(0)/m/it/10'.
(microtype)             Ignoring protrusion settings for this character.
Package microtype Info: Character `₄' is missing
(microtype)             in font `\TU/TeXGyrePagella(0)/m/it/10'.
(microtype)             Ignoring protrusion settings for this character.
Package microtype Info: Character `₅' is missing
(microtype)             in font `\TU/TeXGyrePagella(0)/m/it/10'.
(microtype)             Ignoring protrusion settings for this character.
Package microtype Info: Character `₆' is missing
(microtype)             in font `\TU/TeXGyrePagella(0)/m/it/10'.
(microtype)             Ignoring protrusion settings for this character.
Package microtype Info: Character `₇' is missing
(microtype)             in font `\TU/TeXGyrePagella(0)/m/it/10'.
(microtype)             Ignoring protrusion settings for this character.
Package microtype Info: Character `₈' is missing
(microtype)             in font `\TU/TeXGyrePagella(0)/m/it/10'.
(microtype)             Ignoring protrusion settings for this character.
Package microtype Info: Character `₉' is missing
(microtype)             in font `\TU/TeXGyrePagella(0)/m/it/10'.
(microtype)             Ignoring protrusion settings for this character.
Package microtype Info: Character `₊' is missing
(microtype)             in font `\TU/TeXGyrePagella(0)/m/it/10'.
(microtype)             Ignoring protrusion settings for this character.
Package microtype Info: Character `₋' is missing
(microtype)             in font `\TU/TeXGyrePagella(0)/m/it/10'.
(microtype)             Ignoring protrusion settings for this character.
Package microtype Info: Character `⁺' is missing
(microtype)             in font `\TU/TeXGyrePagella(0)/m/it/10'.
(microtype)             Ignoring protrusion settings for this character.
Package microtype Info: Character `⁻' is missing
(microtype)             in font `\TU/TeXGyrePagella(0)/m/it/10'.
(microtype)             Ignoring protrusion settings for this character.
LaTeX Font Info:    Font shape `TU/TeXGyreCursor(0)/m/n' will be
(Font)              scaled to size 8.6pt on input line 254.

Underfull \hbox (badness 1215) in paragraph at lines 265--270
[]\TU/TeXGyrePagella(0)/m/n/10 These feed an \TU/TeXGyrePagella(0)/b/n/10 eight
-backend TTS dispatcher \TU/TeXGyrePagella(0)/m/n/10 that picks per-emotion ref
erence audio, blends emotion-
 []

[1

]

Package hyperref Warning: Token not allowed in a PDF string (Unicode):
(hyperref)                removing `math shift' on input line 286.


Package hyperref Warning: Token not allowed in a PDF string (Unicode):
(hyperref)                removing `\sim' on input line 286.


Package hyperref Warning: Token not allowed in a PDF string (Unicode):
(hyperref)                removing `math shift' on input line 286.

Missing character: There is no 秦 (U+79E6) in font [/usr/local/texlive/2022/texm
f-dist/fonts/opentype/public/tex-gyre/texgyrepagella-regular.otf]/OT:script=lat
n;language=dflt;mapping=tex-text;!
Missing character: There is no 彻 (U+5F7B) in font [/usr/local/texlive/2022/texm
f-dist/fonts/opentype/public/tex-gyre/texgyrepagella-regular.otf]/OT:script=lat
n;language=dflt;mapping=tex-text;!
File: figs/preprocessing_pipeline.pdf Graphic file (type pdf)
<use figs/preprocessing_pipeline.pdf>
Package microtype Info: Character `ﬆ' is missing
(microtype)             in font `\TU/TeXGyrePagella(0)/m/n/8'.
(microtype)             Ignoring protrusion settings for this character.
Package microtype Info: Character `ﬅ' is missing
(microtype)             in font `\TU/TeXGyrePagella(0)/m/n/8'.
(microtype)             Ignoring protrusion settings for this character.
Package microtype Info: Character `‥' is missing
(microtype)             in font `\TU/TeXGyrePagella(0)/m/n/8'.
(microtype)             Ignoring protrusion settings for this character.
Package microtype Info: Character `‼' is missing
(microtype)             in font `\TU/TeXGyrePagella(0)/m/n/8'.
(microtype)             Ignoring protrusion settings for this character.
Package microtype Info: Character `⁰' is missing
(microtype)             in font `\TU/TeXGyrePagella(0)/m/n/8'.
(microtype)             Ignoring protrusion settings for this character.
Package microtype Info: Character `⁴' is missing
(microtype)             in font `\TU/TeXGyrePagella(0)/m/n/8'.
(microtype)             Ignoring protrusion settings for this character.
Package microtype Info: Character `⁵' is missing
(microtype)             in font `\TU/TeXGyrePagella(0)/m/n/8'.
(microtype)             Ignoring protrusion settings for this character.
Package microtype Info: Character `⁶' is missing
(microtype)             in font `\TU/TeXGyrePagella(0)/m/n/8'.
(microtype)             Ignoring protrusion settings for this character.
Package microtype Info: Character `⁷' is missing
(microtype)             in font `\TU/TeXGyrePagella(0)/m/n/8'.
(microtype)             Ignoring protrusion settings for this character.
Package microtype Info: Character `⁸' is missing
(microtype)             in font `\TU/TeXGyrePagella(0)/m/n/8'.
(microtype)             Ignoring protrusion settings for this character.
Package microtype Info: Character `⁹' is missing
(microtype)             in font `\TU/TeXGyrePagella(0)/m/n/8'.
(microtype)             Ignoring protrusion settings for this character.
Package microtype Info: Character `₀' is missing
(microtype)             in font `\TU/TeXGyrePagella(0)/m/n/8'.
(microtype)             Ignoring protrusion settings for this character.
Package microtype Info: Character `₁' is missing
(microtype)             in font `\TU/TeXGyrePagella(0)/m/n/8'.
(microtype)             Ignoring protrusion settings for this character.
Package microtype Info: Character `₂' is missing
(microtype)             in font `\TU/TeXGyrePagella(0)/m/n/8'.
(microtype)             Ignoring protrusion settings for this character.
Package microtype Info: Character `₃' is missing
(microtype)             in font `\TU/TeXGyrePagella(0)/m/n/8'.
(microtype)             Ignoring protrusion settings for this character.
Package microtype Info: Character `₄' is missing
(microtype)             in font `\TU/TeXGyrePagella(0)/m/n/8'.
(microtype)             Ignoring protrusion settings for this character.
Package microtype Info: Character `₅' is missing
(microtype)             in font `\TU/TeXGyrePagella(0)/m/n/8'.
(microtype)             Ignoring protrusion settings for this character.
Package microtype Info: Character `₆' is missing
(microtype)             in font `\TU/TeXGyrePagella(0)/m/n/8'.
(microtype)             Ignoring protrusion settings for this character.
Package microtype Info: Character `₇' is missing
(microtype)             in font `\TU/TeXGyrePagella(0)/m/n/8'.
(microtype)             Ignoring protrusion settings for this character.
Package microtype Info: Character `₈' is missing
(microtype)             in font `\TU/TeXGyrePagella(0)/m/n/8'.
(microtype)             Ignoring protrusion settings for this character.
Package microtype Info: Character `₉' is missing
(microtype)             in font `\TU/TeXGyrePagella(0)/m/n/8'.
(microtype)             Ignoring protrusion settings for this character.
Package microtype Info: Character `₊' is missing
(microtype)             in font `\TU/TeXGyrePagella(0)/m/n/8'.
(microtype)             Ignoring protrusion settings for this character.
Package microtype Info: Character `₋' is missing
(microtype)             in font `\TU/TeXGyrePagella(0)/m/n/8'.
(microtype)             Ignoring protrusion settings for this character.
Package microtype Info: Character `⁺' is missing
(microtype)             in font `\TU/TeXGyrePagella(0)/m/n/8'.
(microtype)             Ignoring protrusion settings for this character.
Package microtype Info: Character `⁻' is missing
(microtype)             in font `\TU/TeXGyrePagella(0)/m/n/8'.
(microtype)             Ignoring protrusion settings for this character.
LaTeX Font Info:    Font shape `TU/TeXGyreHeros(0)/m/n' will be
(Font)              scaled to size 7.52002pt on input line 320.
LaTeX Font Info:    Font shape `TU/TeXGyreHeros(0)/b/n' will be
(Font)              scaled to size 7.52002pt on input line 320.
File: figs/dataset_duration_distribution.pdf Graphic file (type pdf)
<use figs/dataset_duration_distribution.pdf>
Package microtype Info: Character `ﬆ' is missing
(microtype)             in font `\TU/TeXGyrePagella(0)/b/n/8'.
(microtype)             Ignoring protrusion settings for this character.
Package microtype Info: Character `ﬅ' is missing
(microtype)             in font `\TU/TeXGyrePagella(0)/b/n/8'.
(microtype)             Ignoring protrusion settings for this character.
Package microtype Info: Character `‥' is missing
(microtype)             in font `\TU/TeXGyrePagella(0)/b/n/8'.
(microtype)             Ignoring protrusion settings for this character.
Package microtype Info: Character `‼' is missing
(microtype)             in font `\TU/TeXGyrePagella(0)/b/n/8'.
(microtype)             Ignoring protrusion settings for this character.
Package microtype Info: Character `⁰' is missing
(microtype)             in font `\TU/TeXGyrePagella(0)/b/n/8'.
(microtype)             Ignoring protrusion settings for this character.
Package microtype Info: Character `⁴' is missing
(microtype)             in font `\TU/TeXGyrePagella(0)/b/n/8'.
(microtype)             Ignoring protrusion settings for this character.
Package microtype Info: Character `⁵' is missing
(microtype)             in font `\TU/TeXGyrePagella(0)/b/n/8'.
(microtype)             Ignoring protrusion settings for this character.
Package microtype Info: Character `⁶' is missing
(microtype)             in font `\TU/TeXGyrePagella(0)/b/n/8'.
(microtype)             Ignoring protrusion settings for this character.
Package microtype Info: Character `⁷' is missing
(microtype)             in font `\TU/TeXGyrePagella(0)/b/n/8'.
(microtype)             Ignoring protrusion settings for this character.
Package microtype Info: Character `⁸' is missing
(microtype)             in font `\TU/TeXGyrePagella(0)/b/n/8'.
(microtype)             Ignoring protrusion settings for this character.
Package microtype Info: Character `⁹' is missing
(microtype)             in font `\TU/TeXGyrePagella(0)/b/n/8'.
(microtype)             Ignoring protrusion settings for this character.
Package microtype Info: Character `₀' is missing
(microtype)             in font `\TU/TeXGyrePagella(0)/b/n/8'.
(microtype)             Ignoring protrusion settings for this character.
Package microtype Info: Character `₁' is missing
(microtype)             in font `\TU/TeXGyrePagella(0)/b/n/8'.
(microtype)             Ignoring protrusion settings for this character.
Package microtype Info: Character `₂' is missing
(microtype)             in font `\TU/TeXGyrePagella(0)/b/n/8'.
(microtype)             Ignoring protrusion settings for this character.
Package microtype Info: Character `₃' is missing
(microtype)             in font `\TU/TeXGyrePagella(0)/b/n/8'.
(microtype)             Ignoring protrusion settings for this character.
Package microtype Info: Character `₄' is missing
(microtype)             in font `\TU/TeXGyrePagella(0)/b/n/8'.
(microtype)             Ignoring protrusion settings for this character.
Package microtype Info: Character `₅' is missing
(microtype)             in font `\TU/TeXGyrePagella(0)/b/n/8'.
(microtype)             Ignoring protrusion settings for this character.
Package microtype Info: Character `₆' is missing
(microtype)             in font `\TU/TeXGyrePagella(0)/b/n/8'.
(microtype)             Ignoring protrusion settings for this character.
Package microtype Info: Character `₇' is missing
(microtype)             in font `\TU/TeXGyrePagella(0)/b/n/8'.
(microtype)             Ignoring protrusion settings for this character.
Package microtype Info: Character `₈' is missing
(microtype)             in font `\TU/TeXGyrePagella(0)/b/n/8'.
(microtype)             Ignoring protrusion settings for this character.
Package microtype Info: Character `₉' is missing
(microtype)             in font `\TU/TeXGyrePagella(0)/b/n/8'.
(microtype)             Ignoring protrusion settings for this character.
Package microtype Info: Character `₊' is missing
(microtype)             in font `\TU/TeXGyrePagella(0)/b/n/8'.
(microtype)             Ignoring protrusion settings for this character.
Package microtype Info: Character `₋' is missing
(microtype)             in font `\TU/TeXGyrePagella(0)/b/n/8'.
(microtype)             Ignoring protrusion settings for this character.
Package microtype Info: Character `⁺' is missing
(microtype)             in font `\TU/TeXGyrePagella(0)/b/n/8'.
(microtype)             Ignoring protrusion settings for this character.
Package microtype Info: Character `⁻' is missing
(microtype)             in font `\TU/TeXGyrePagella(0)/b/n/8'.
(microtype)             Ignoring protrusion settings for this character.
Package microtype Info: Character `ﬆ' is missing
(microtype)             in font `\TU/TeXGyrePagella(0)/b/n/6'.
(microtype)             Ignoring protrusion settings for this character.
Package microtype Info: Character `ﬅ' is missing
(microtype)             in font `\TU/TeXGyrePagella(0)/b/n/6'.
(microtype)             Ignoring protrusion settings for this character.
Package microtype Info: Character `‥' is missing
(microtype)             in font `\TU/TeXGyrePagella(0)/b/n/6'.
(microtype)             Ignoring protrusion settings for this character.
Package microtype Info: Character `‼' is missing
(microtype)             in font `\TU/TeXGyrePagella(0)/b/n/6'.
(microtype)             Ignoring protrusion settings for this character.
Package microtype Info: Character `⁰' is missing
(microtype)             in font `\TU/TeXGyrePagella(0)/b/n/6'.
(microtype)             Ignoring protrusion settings for this character.
Package microtype Info: Character `⁴' is missing
(microtype)             in font `\TU/TeXGyrePagella(0)/b/n/6'.
(microtype)             Ignoring protrusion settings for this character.
Package microtype Info: Character `⁵' is missing
(microtype)             in font `\TU/TeXGyrePagella(0)/b/n/6'.
(microtype)             Ignoring protrusion settings for this character.
Package microtype Info: Character `⁶' is missing
(microtype)             in font `\TU/TeXGyrePagella(0)/b/n/6'.
(microtype)             Ignoring protrusion settings for this character.
Package microtype Info: Character `⁷' is missing
(microtype)             in font `\TU/TeXGyrePagella(0)/b/n/6'.
(microtype)             Ignoring protrusion settings for this character.
Package microtype Info: Character `⁸' is missing
(microtype)             in font `\TU/TeXGyrePagella(0)/b/n/6'.
(microtype)             Ignoring protrusion settings for this character.
Package microtype Info: Character `⁹' is missing
(microtype)             in font `\TU/TeXGyrePagella(0)/b/n/6'.
(microtype)             Ignoring protrusion settings for this character.
Package microtype Info: Character `₀' is missing
(microtype)             in font `\TU/TeXGyrePagella(0)/b/n/6'.
(microtype)             Ignoring protrusion settings for this character.
Package microtype Info: Character `₁' is missing
(microtype)             in font `\TU/TeXGyrePagella(0)/b/n/6'.
(microtype)             Ignoring protrusion settings for this character.
Package microtype Info: Character `₂' is missing
(microtype)             in font `\TU/TeXGyrePagella(0)/b/n/6'.
(microtype)             Ignoring protrusion settings for this character.
Package microtype Info: Character `₃' is missing
(microtype)             in font `\TU/TeXGyrePagella(0)/b/n/6'.
(microtype)             Ignoring protrusion settings for this character.
Package microtype Info: Character `₄' is missing
(microtype)             in font `\TU/TeXGyrePagella(0)/b/n/6'.
(microtype)             Ignoring protrusion settings for this character.
Package microtype Info: Character `₅' is missing
(microtype)             in font `\TU/TeXGyrePagella(0)/b/n/6'.
(microtype)             Ignoring protrusion settings for this character.
Package microtype Info: Character `₆' is missing
(microtype)             in font `\TU/TeXGyrePagella(0)/b/n/6'.
(microtype)             Ignoring protrusion settings for this character.
Package microtype Info: Character `₇' is missing
(microtype)             in font `\TU/TeXGyrePagella(0)/b/n/6'.
(microtype)             Ignoring protrusion settings for this character.
Package microtype Info: Character `₈' is missing
(microtype)             in font `\TU/TeXGyrePagella(0)/b/n/6'.
(microtype)             Ignoring protrusion settings for this character.
Package microtype Info: Character `₉' is missing
(microtype)             in font `\TU/TeXGyrePagella(0)/b/n/6'.
(microtype)             Ignoring protrusion settings for this character.
Package microtype Info: Character `₊' is missing
(microtype)             in font `\TU/TeXGyrePagella(0)/b/n/6'.
(microtype)             Ignoring protrusion settings for this character.
Package microtype Info: Character `₋' is missing
(microtype)             in font `\TU/TeXGyrePagella(0)/b/n/6'.
(microtype)             Ignoring protrusion settings for this character.
Package microtype Info: Character `⁺' is missing
(microtype)             in font `\TU/TeXGyrePagella(0)/b/n/6'.
(microtype)             Ignoring protrusion settings for this character.
Package microtype Info: Character `⁻' is missing
(microtype)             in font `\TU/TeXGyrePagella(0)/b/n/6'.
(microtype)             Ignoring protrusion settings for this character.
(/usr/local/texlive/2022/texmf-dist/tex/latex/listings/lstlang1.sty
File: lstlang1.sty 2020/03/24 1.8d listings language file
)
LaTeX Font Info:    Font shape `TU/TeXGyreCursor(0)/m/n' will be
(Font)              scaled to size 6.02pt on input line 390.
LaTeX Font Info:    Font shape `TU/TeXGyreCursor(0)/m/it' will be
(Font)              scaled to size 6.02pt on input line 391.
 [2]
LaTeX Font Info:    Font shape `TU/TeXGyreCursor(0)/b/n' will be
(Font)              scaled to size 6.02pt on input line 401.
LaTeX Font Info:    Font shape `TU/TeXGyreCursor(0)/m/n' will be
(Font)              scaled to size 6.88pt on input line 439.
File: figs/bf16_bug_impact.pdf Graphic file (type pdf)
<use figs/bf16_bug_impact.pdf>
File: figs/rtf_comparison_bar.pdf Graphic file (type pdf)
<use figs/rtf_comparison_bar.pdf>
File: figs/emotion_and_phase1.pdf Graphic file (type pdf)
<use figs/emotion_and_phase1.pdf>

Missing character: There is no 2 ("32) in font nullfont!
Missing character: There is no 5 ("35) in font nullfont!
LaTeX Font Info:    Font shape `TU/TeXGyreHeros(0)/m/n' will be
(Font)              scaled to size 4.70001pt on input line 632.
Missing character: There is no 2 ("32) in font nullfont!
Missing character: There is no 7 ("37) in font nullfont!
Missing character: There is no 2 ("32) in font nullfont!
Missing character: There is no 9 ("39) in font nullfont!
Missing character: There is no 3 ("33) in font nullfont!
Missing character: There is no 0 ("30) in font nullfont!
Missing character: There is no 3 ("33) in font nullfont!
Missing character: There is no 2 ("32) in font nullfont!
Missing character: There is no 3 ("33) in font nullfont!
Missing character: There is no 4 ("34) in font nullfont!
Missing character: There is no 3 ("33) in font nullfont!
Missing character: There is no 6 ("36) in font nullfont!
Missing character: There is no 3 ("33) in font nullfont!
Missing character: There is no 8 ("38) in font nullfont!
Missing character: There is no 3 ("33) in font nullfont!
Missing character: There is no 9 ("39) in font nullfont!
Missing character: There is no 4 ("34) in font nullfont!
Missing character: There is no 1 ("31) in font nullfont!
LaTeX Font Info:    Font shape `TU/TeXGyreHeros(0)/b/n' will be
(Font)              scaled to size 6.58002pt on input line 632.
Missing character: There is no 4 ("34) in font nullfont!
Missing character: There is no 2 ("32) in font nullfont!
Missing character: There is no 4 ("34) in font nullfont!
Missing character: There is no 3 ("33) in font nullfont!
Package microtype Info: Character `‥' is missing
(microtype)             in font `\TU/TeXGyrePagella(0)/m/it/5'.
(microtype)             Ignoring protrusion settings for this character.
Package microtype Info: Character `⁰' is missing
(microtype)             in font `\TU/TeXGyrePagella(0)/m/it/5'.
(microtype)             Ignoring protrusion settings for this character.
Package microtype Info: Character `⁴' is missing
(microtype)             in font `\TU/TeXGyrePagella(0)/m/it/5'.
(microtype)             Ignoring protrusion settings for this character.
Package microtype Info: Character `⁵' is missing
(microtype)             in font `\TU/TeXGyrePagella(0)/m/it/5'.
(microtype)             Ignoring protrusion settings for this character.
Package microtype Info: Character `⁶' is missing
(microtype)             in font `\TU/TeXGyrePagella(0)/m/it/5'.
(microtype)             Ignoring protrusion settings for this character.
Package microtype Info: Character `⁷' is missing
(microtype)             in font `\TU/TeXGyrePagella(0)/m/it/5'.
(microtype)             Ignoring protrusion settings for this character.
Package microtype Info: Character `⁸' is missing
(microtype)             in font `\TU/TeXGyrePagella(0)/m/it/5'.
(microtype)             Ignoring protrusion settings for this character.
Package microtype Info: Character `⁹' is missing
(microtype)             in font `\TU/TeXGyrePagella(0)/m/it/5'.
(microtype)             Ignoring protrusion settings for this character.
Package microtype Info: Character `₀' is missing
(microtype)             in font `\TU/TeXGyrePagella(0)/m/it/5'.
(microtype)             Ignoring protrusion settings for this character.
Package microtype Info: Character `₁' is missing
(microtype)             in font `\TU/TeXGyrePagella(0)/m/it/5'.
(microtype)             Ignoring protrusion settings for this character.
Package microtype Info: Character `₂' is missing
(microtype)             in font `\TU/TeXGyrePagella(0)/m/it/5'.
(microtype)             Ignoring protrusion settings for this character.
Package microtype Info: Character `₃' is missing
(microtype)             in font `\TU/TeXGyrePagella(0)/m/it/5'.
(microtype)             Ignoring protrusion settings for this character.
Package microtype Info: Character `₄' is missing
(microtype)             in font `\TU/TeXGyrePagella(0)/m/it/5'.
(microtype)             Ignoring protrusion settings for this character.
Package microtype Info: Character `₅' is missing
(microtype)             in font `\TU/TeXGyrePagella(0)/m/it/5'.
(microtype)             Ignoring protrusion settings for this character.
Package microtype Info: Character `₆' is missing
(microtype)             in font `\TU/TeXGyrePagella(0)/m/it/5'.
(microtype)             Ignoring protrusion settings for this character.
Package microtype Info: Character `₇' is missing
(microtype)             in font `\TU/TeXGyrePagella(0)/m/it/5'.
(microtype)             Ignoring protrusion settings for this character.
Package microtype Info: Character `₈' is missing
(microtype)             in font `\TU/TeXGyrePagella(0)/m/it/5'.
(microtype)             Ignoring protrusion settings for this character.
Package microtype Info: Character `₉' is missing
(microtype)             in font `\TU/TeXGyrePagella(0)/m/it/5'.
(microtype)             Ignoring protrusion settings for this character.
Package microtype Info: Character `₊' is missing
(microtype)             in font `\TU/TeXGyrePagella(0)/m/it/5'.
(microtype)             Ignoring protrusion settings for this character.
Package microtype Info: Character `₋' is missing
(microtype)             in font `\TU/TeXGyrePagella(0)/m/it/5'.
(microtype)             Ignoring protrusion settings for this character.
Package microtype Info: Character `⁺' is missing
(microtype)             in font `\TU/TeXGyrePagella(0)/m/it/5'.
(microtype)             Ignoring protrusion settings for this character.
Package microtype Info: Character `⁻' is missing
(microtype)             in font `\TU/TeXGyrePagella(0)/m/it/5'.
(microtype)             Ignoring protrusion settings for this character.
LaTeX Font Info:    Font shape `TU/TeXGyreHeros(0)/b/sc' will be
(Font)              scaled to size 6.58002pt on input line 632.
Package microtype Info: Character `ﬆ' is missing
(microtype)             in font `\TU/TeXGyrePagella(0)/m/sc/9'.
(microtype)             Ignoring protrusion settings for this character.
Package microtype Info: Character `ﬅ' is missing
(microtype)             in font `\TU/TeXGyrePagella(0)/m/sc/9'.
(microtype)             Ignoring protrusion settings for this character.
Package microtype Info: Character `‥' is missing
(microtype)             in font `\TU/TeXGyrePagella(0)/m/sc/9'.
(microtype)             Ignoring protrusion settings for this character.
Package microtype Info: Character `‼' is missing
(microtype)             in font `\TU/TeXGyrePagella(0)/m/sc/9'.
(microtype)             Ignoring protrusion settings for this character.
Package microtype Info: Character `⁰' is missing
(microtype)             in font `\TU/TeXGyrePagella(0)/m/sc/9'.
(microtype)             Ignoring protrusion settings for this character.
Package microtype Info: Character `⁴' is missing
(microtype)             in font `\TU/TeXGyrePagella(0)/m/sc/9'.
(microtype)             Ignoring protrusion settings for this character.
Package microtype Info: Character `⁵' is missing
(microtype)             in font `\TU/TeXGyrePagella(0)/m/sc/9'.
(microtype)             Ignoring protrusion settings for this character.
Package microtype Info: Character `⁶' is missing
(microtype)             in font `\TU/TeXGyrePagella(0)/m/sc/9'.
(microtype)             Ignoring protrusion settings for this character.
Package microtype Info: Character `⁷' is missing
(microtype)             in font `\TU/TeXGyrePagella(0)/m/sc/9'.
(microtype)             Ignoring protrusion settings for this character.
Package microtype Info: Character `⁸' is missing
(microtype)             in font `\TU/TeXGyrePagella(0)/m/sc/9'.
(microtype)             Ignoring protrusion settings for this character.
Package microtype Info: Character `⁹' is missing
(microtype)             in font `\TU/TeXGyrePagella(0)/m/sc/9'.
(microtype)             Ignoring protrusion settings for this character.
Package microtype Info: Character `₀' is missing
(microtype)             in font `\TU/TeXGyrePagella(0)/m/sc/9'.
(microtype)             Ignoring protrusion settings for this character.
Package microtype Info: Character `₁' is missing
(microtype)             in font `\TU/TeXGyrePagella(0)/m/sc/9'.
(microtype)             Ignoring protrusion settings for this character.
Package microtype Info: Character `₂' is missing
(microtype)             in font `\TU/TeXGyrePagella(0)/m/sc/9'.
(microtype)             Ignoring protrusion settings for this character.
Package microtype Info: Character `₃' is missing
(microtype)             in font `\TU/TeXGyrePagella(0)/m/sc/9'.
(microtype)             Ignoring protrusion settings for this character.
Package microtype Info: Character `₄' is missing
(microtype)             in font `\TU/TeXGyrePagella(0)/m/sc/9'.
(microtype)             Ignoring protrusion settings for this character.
Package microtype Info: Character `₅' is missing
(microtype)             in font `\TU/TeXGyrePagella(0)/m/sc/9'.
(microtype)             Ignoring protrusion settings for this character.
Package microtype Info: Character `₆' is missing
(microtype)             in font `\TU/TeXGyrePagella(0)/m/sc/9'.
(microtype)             Ignoring protrusion settings for this character.
Package microtype Info: Character `₇' is missing
(microtype)             in font `\TU/TeXGyrePagella(0)/m/sc/9'.
(microtype)             Ignoring protrusion settings for this character.
Package microtype Info: Character `₈' is missing
(microtype)             in font `\TU/TeXGyrePagella(0)/m/sc/9'.
(microtype)             Ignoring protrusion settings for this character.
Package microtype Info: Character `₉' is missing
(microtype)             in font `\TU/TeXGyrePagella(0)/m/sc/9'.
(microtype)             Ignoring protrusion settings for this character.
Package microtype Info: Character `₊' is missing
(microtype)             in font `\TU/TeXGyrePagella(0)/m/sc/9'.
(microtype)             Ignoring protrusion settings for this character.
Package microtype Info: Character `₋' is missing
(microtype)             in font `\TU/TeXGyrePagella(0)/m/sc/9'.
(microtype)             Ignoring protrusion settings for this character.
Package microtype Info: Character `⁺' is missing
(microtype)             in font `\TU/TeXGyrePagella(0)/m/sc/9'.
(microtype)             Ignoring protrusion settings for this character.
Package microtype Info: Character `⁻' is missing
(microtype)             in font `\TU/TeXGyrePagella(0)/m/sc/9'.
(microtype)             Ignoring protrusion settings for this character.
Package microtype Info: Character `ﬅ' is missing
(microtype)             in font `\TU/TeXGyrePagella(0)/m/sc/9'.
(microtype)             Ignoring protrusion settings for this character.
Package microtype Info: Character `ﬆ' is missing
(microtype)             in font `\TU/TeXGyrePagella(0)/m/sc/9'.
(microtype)             Ignoring protrusion settings for this character.
[3]
LaTeX Font Info:    Font shape `TU/TeXGyreCursor(0)/b/n' will be
(Font)              scaled to size 8.6pt on input line 690.

Underfull \hbox (badness 2837) in paragraph at lines 728--728
[]|\TU/TeXGyreCursor(0)/m/n/8 auto \TU/TeXGyrePagella(0)/m/n/8 + SIM-cosine gat
e against canonical x-vector; fallback to
 []

[4]
File: figs/ui_arc.png Graphic file (type bmp)
<figs/ui_arc.png>
LaTeX Font Info:    Trying to load font information for OMS+TeXGyrePagella(0) o
n input line 757.
LaTeX Font Info:    No file OMSTeXGyrePagella(0).fd. on input line 757.


LaTeX Font Warning: Font shape `OMS/TeXGyrePagella(0)/m/n' undefined
(Font)              using `OMS/cmsy/m/n' instead on input line 757.

File: figs/ui_detail.png Graphic file (type bmp)
<figs/ui_detail.png>
File: figs/pipeline_timing.pdf Graphic file (type pdf)
<use figs/pipeline_timing.pdf>
File: figs/a100_benchmark.pdf Graphic file (type pdf)
<use figs/a100_benchmark.pdf>
[5]

Package hyperref Warning: Token not allowed in a PDF string (Unicode):
(hyperref)                removing `\mathsurround' on input line 843.


Package hyperref Warning: Token not allowed in a PDF string (Unicode):
(hyperref)                removing `\z@' on input line 843.


Package hyperref Warning: Token not allowed in a PDF string (Unicode):
(hyperref)                removing `subscript' on input line 843.

File: figs/a100_three_condition.pdf Graphic file (type pdf)
<use figs/a100_three_condition.pdf>
[6]
Package microtype Info: Character `ﬆ' is missing
(microtype)             in font `\TU/TeXGyrePagella(0)/b/n/7'.
(microtype)             Ignoring protrusion settings for this character.
Package microtype Info: Character `ﬅ' is missing
(microtype)             in font `\TU/TeXGyrePagella(0)/b/n/7'.
(microtype)             Ignoring protrusion settings for this character.
Package microtype Info: Character `‥' is missing
(microtype)             in font `\TU/TeXGyrePagella(0)/b/n/7'.
(microtype)             Ignoring protrusion settings for this character.
Package microtype Info: Character `‼' is missing
(microtype)             in font `\TU/TeXGyrePagella(0)/b/n/7'.
(microtype)             Ignoring protrusion settings for this character.
Package microtype Info: Character `⁰' is missing
(microtype)             in font `\TU/TeXGyrePagella(0)/b/n/7'.
(microtype)             Ignoring protrusion settings for this character.
Package microtype Info: Character `⁴' is missing
(microtype)             in font `\TU/TeXGyrePagella(0)/b/n/7'.
(microtype)             Ignoring protrusion settings for this character.
Package microtype Info: Character `⁵' is missing
(microtype)             in font `\TU/TeXGyrePagella(0)/b/n/7'.
(microtype)             Ignoring protrusion settings for this character.
Package microtype Info: Character `⁶' is missing
(microtype)             in font `\TU/TeXGyrePagella(0)/b/n/7'.
(microtype)             Ignoring protrusion settings for this character.
Package microtype Info: Character `⁷' is missing
(microtype)             in font `\TU/TeXGyrePagella(0)/b/n/7'.
(microtype)             Ignoring protrusion settings for this character.
Package microtype Info: Character `⁸' is missing
(microtype)             in font `\TU/TeXGyrePagella(0)/b/n/7'.
(microtype)             Ignoring protrusion settings for this character.
Package microtype Info: Character `⁹' is missing
(microtype)             in font `\TU/TeXGyrePagella(0)/b/n/7'.
(microtype)             Ignoring protrusion settings for this character.
Package microtype Info: Character `₀' is missing
(microtype)             in font `\TU/TeXGyrePagella(0)/b/n/7'.
(microtype)             Ignoring protrusion settings for this character.
Package microtype Info: Character `₁' is missing
(microtype)             in font `\TU/TeXGyrePagella(0)/b/n/7'.
(microtype)             Ignoring protrusion settings for this character.
Package microtype Info: Character `₂' is missing
(microtype)             in font `\TU/TeXGyrePagella(0)/b/n/7'.
(microtype)             Ignoring protrusion settings for this character.
Package microtype Info: Character `₃' is missing
(microtype)             in font `\TU/TeXGyrePagella(0)/b/n/7'.
(microtype)             Ignoring protrusion settings for this character.
Package microtype Info: Character `₄' is missing
(microtype)             in font `\TU/TeXGyrePagella(0)/b/n/7'.
(microtype)             Ignoring protrusion settings for this character.
Package microtype Info: Character `₅' is missing
(microtype)             in font `\TU/TeXGyrePagella(0)/b/n/7'.
(microtype)             Ignoring protrusion settings for this character.
Package microtype Info: Character `₆' is missing
(microtype)             in font `\TU/TeXGyrePagella(0)/b/n/7'.
(microtype)             Ignoring protrusion settings for this character.
Package microtype Info: Character `₇' is missing
(microtype)             in font `\TU/TeXGyrePagella(0)/b/n/7'.
(microtype)             Ignoring protrusion settings for this character.
Package microtype Info: Character `₈' is missing
(microtype)             in font `\TU/TeXGyrePagella(0)/b/n/7'.
(microtype)             Ignoring protrusion settings for this character.
Package microtype Info: Character `₉' is missing
(microtype)             in font `\TU/TeXGyrePagella(0)/b/n/7'.
(microtype)             Ignoring protrusion settings for this character.
Package microtype Info: Character `₊' is missing
(microtype)             in font `\TU/TeXGyrePagella(0)/b/n/7'.
(microtype)             Ignoring protrusion settings for this character.
Package microtype Info: Character `₋' is missing
(microtype)             in font `\TU/TeXGyrePagella(0)/b/n/7'.
(microtype)             Ignoring protrusion settings for this character.
Package microtype Info: Character `⁺' is missing
(microtype)             in font `\TU/TeXGyrePagella(0)/b/n/7'.
(microtype)             Ignoring protrusion settings for this character.
Package microtype Info: Character `⁻' is missing
(microtype)             in font `\TU/TeXGyrePagella(0)/b/n/7'.
(microtype)             Ignoring protrusion settings for this character.

Underfull \hbox (badness 4001) in paragraph at lines 917--920
[]\TU/TeXGyrePagella(0)/b/n/10 SIM$[]$ unavailable on the pipeline run \TU/TeXG
yrePagella(0)/m/n/10 because pipeline lines do not index-match the original
 []


Underfull \hbox (badness 2582) in paragraph at lines 974--981
\TU/TeXGyrePagella(0)/b/n/10 (3) Self-speculative / early-exit on the talker. \
TU/TeXGyrePagella(0)/m/n/10 Symptom: middle-layer vs final-layer token agree-
 []

[7]
LaTeX Font Info:    Font shape `TU/TeXGyreCursor(0)/m/it' will be
(Font)              scaled to size 8.6pt on input line 1011.
 [8] [9]
Package microtype Info: Character `‥' is missing
(microtype)             in font `\TU/TeXGyrePagella(0)/m/it/8'.
(microtype)             Ignoring protrusion settings for this character.
Package microtype Info: Character `⁰' is missing
(microtype)             in font `\TU/TeXGyrePagella(0)/m/it/8'.
(microtype)             Ignoring protrusion settings for this character.
Package microtype Info: Character `⁴' is missing
(microtype)             in font `\TU/TeXGyrePagella(0)/m/it/8'.
(microtype)             Ignoring protrusion settings for this character.
Package microtype Info: Character `⁵' is missing
(microtype)             in font `\TU/TeXGyrePagella(0)/m/it/8'.
(microtype)             Ignoring protrusion settings for this character.
Package microtype Info: Character `⁶' is missing
(microtype)             in font `\TU/TeXGyrePagella(0)/m/it/8'.
(microtype)             Ignoring protrusion settings for this character.
Package microtype Info: Character `⁷' is missing
(microtype)             in font `\TU/TeXGyrePagella(0)/m/it/8'.
(microtype)             Ignoring protrusion settings for this character.
Package microtype Info: Character `⁸' is missing
(microtype)             in font `\TU/TeXGyrePagella(0)/m/it/8'.
(microtype)             Ignoring protrusion settings for this character.
Package microtype Info: Character `⁹' is missing
(microtype)             in font `\TU/TeXGyrePagella(0)/m/it/8'.
(microtype)             Ignoring protrusion settings for this character.
Package microtype Info: Character `₀' is missing
(microtype)             in font `\TU/TeXGyrePagella(0)/m/it/8'.
(microtype)             Ignoring protrusion settings for this character.
Package microtype Info: Character `₁' is missing
(microtype)             in font `\TU/TeXGyrePagella(0)/m/it/8'.
(microtype)             Ignoring protrusion settings for this character.
Package microtype Info: Character `₂' is missing
(microtype)             in font `\TU/TeXGyrePagella(0)/m/it/8'.
(microtype)             Ignoring protrusion settings for this character.
Package microtype Info: Character `₃' is missing
(microtype)             in font `\TU/TeXGyrePagella(0)/m/it/8'.
(microtype)             Ignoring protrusion settings for this character.
Package microtype Info: Character `₄' is missing
(microtype)             in font `\TU/TeXGyrePagella(0)/m/it/8'.
(microtype)             Ignoring protrusion settings for this character.
Package microtype Info: Character `₅' is missing
(microtype)             in font `\TU/TeXGyrePagella(0)/m/it/8'.
(microtype)             Ignoring protrusion settings for this character.
Package microtype Info: Character `₆' is missing
(microtype)             in font `\TU/TeXGyrePagella(0)/m/it/8'.
(microtype)             Ignoring protrusion settings for this character.
Package microtype Info: Character `₇' is missing
(microtype)             in font `\TU/TeXGyrePagella(0)/m/it/8'.
(microtype)             Ignoring protrusion settings for this character.
Package microtype Info: Character `₈' is missing
(microtype)             in font `\TU/TeXGyrePagella(0)/m/it/8'.
(microtype)             Ignoring protrusion settings for this character.
Package microtype Info: Character `₉' is missing
(microtype)             in font `\TU/TeXGyrePagella(0)/m/it/8'.
(microtype)             Ignoring protrusion settings for this character.
Package microtype Info: Character `₊' is missing
(microtype)             in font `\TU/TeXGyrePagella(0)/m/it/8'.
(microtype)             Ignoring protrusion settings for this character.
Package microtype Info: Character `₋' is missing
(microtype)             in font `\TU/TeXGyrePagella(0)/m/it/8'.
(microtype)             Ignoring protrusion settings for this character.
Package microtype Info: Character `⁺' is missing
(microtype)             in font `\TU/TeXGyrePagella(0)/m/it/8'.
(microtype)             Ignoring protrusion settings for this character.
Package microtype Info: Character `⁻' is missing
(microtype)             in font `\TU/TeXGyrePagella(0)/m/it/8'.
(microtype)             Ignoring protrusion settings for this character.
LaTeX Font Info:    Font shape `TU/TeXGyreCursor(0)/m/it' will be
(Font)              scaled to size 6.88pt on input line 1193.
 
AED: lastpage setting LastPage
[10] (./final.aux)

LaTeX Font Warning: Some font shapes were not available, defaults substituted.

Package rerunfilecheck Info: File `final.out' has not changed.
(rerunfilecheck)             Checksum: EA69C4D0A7F46D07327A5591D15F5278;6262.
 ) 
Here is how much of TeX's memory you used:
 35355 strings out of 476179
 765380 string characters out of 5809543
 1467195 words of memory out of 5000000
 55459 multiletter control sequences out of 15000+600000
 476451 words of font info for 116 fonts, out of 8000000 for 9000
 1348 hyphenation exceptions out of 8191
 84i,13n,96p,1002b,1321s stack positions out of 10000i,1000n,20000p,200000b,200000s

Output written on final.pdf (10 pages).
